{"version":"0.24","interactions":{"80e0bddf-6265-465d-b00d-4a23c1e59385":[{"properties":{"transition":"auto-animate","duration":0.2,"easing":"ease-in-out","destination":"fd0e902c-78e9-4f4a-9acf-559ed39c43e0","voiceLocale":"en-us"},"triggerEvent":"hover","action":"state-transition","id":"f81e3242-a499-41f4-80e1-40c5dcf460f8"}],"1e335f0e-83da-46ab-8a01-03cbcdfae95b":[{"properties":{"transition":"auto-animate","duration":0.4,"easing":"ease-in-out","destination":"1d1d81c5-5786-43b0-81e4-4caef95ea65d","voiceLocale":"es-mx"},"triggerEvent":"tap","action":"state-transition","id":"80625d30-a1da-445b-9740-9635a1422984"}],"5ed1c990-694a-40ec-88d6-af81ab6a8085":[{"properties":{"transition":"auto-animate","duration":0.4,"easing":"ease-in-out","destination":"2b32c2f3-adf5-4ae0-b5ba-8893239ebb91","voiceLocale":"es-mx"},"triggerEvent":"tap","action":"state-transition","id":"db7f2db6-8dd8-4def-b896-dff8208494e5"}],"8d994476-4a16-445b-a35e-c05f98a824a6":[{"properties":{"transition":"dissolve","duration":0.3,"easing":"ease-out","preserveScrollPosition":false,"destination":"eae5651e-3f20-4e07-96dd-321d797a829d","voiceLocale":"es-mx"},"triggerEvent":"tap","action":"artboard-transition","id":"dfb5e572-6180-43fd-b865-ce50368b9aa1"}],"95fbbcf1-1d8e-47ce-b46a-82fee02f5faa":[{"properties":{"transition":"auto-animate","duration":1,"easing":"ease-out","destination":"d3cda2e1-e538-425f-8449-cb42d67bd871","voiceLocale":"es-mx"},"triggerEvent":"tap","action":"state-transition","id":"319f1de8-7017-4cf1-a92c-d0b93e9d1984"}],"7944bdf3-6331-467d-a801-b6c14f118086":[{"properties":{"transition":"auto-animate","duration":1,"easing":"ease-out","destination":"37e7fcfd-9ebf-4a08-baad-0fa792648bff","voiceLocale":"es-mx"},"triggerEvent":"tap","action":"state-transition","id":"cfe34099-d155-4e6c-a912-af14af4e781e"}],"902b3649-e2f1-4a8d-96f9-520fb6da7233":[{"properties":{"transition":"auto-animate","duration":0,"easing":"ease-out","destination":"46204978-62ea-43f9-9d9f-450d4d0daa4b","voiceLocale":"en-us"},"triggerEvent":"hover","action":"state-transition","id":"bbb75aa9-34e1-4f68-bba1-9779043e4b8f"}],"4d7dd759-cf7a-4e4c-b78c-a565e9d77123":[{"properties":{"transition":"slide-right","duration":0.6,"easing":"ease-out","preserveScrollPosition":false,"destination":"eae5651e-3f20-4e07-96dd-321d797a829d","voiceLocale":"es-mx"},"triggerEvent":"tap","action":"artboard-transition","id":"a0ed4b0d-4e63-4aa9-a9f1-2e453ad0bbdf"}],"cfc5f525-aace-4006-9765-e305e5894591":[{"properties":{"transition":"slide-left","duration":0.6,"easing":"ease-out","preserveScrollPosition":false,"destination":"7710cfb5-e4b9-4cab-a482-b77d41feb8b4","voiceLocale":"es-mx"},"triggerEvent":"tap","action":"artboard-transition","id":"b9ce3ba2-7258-4f96-a29e-1ece48d46941"}],"4f9c7565-981c-49b8-a23e-73c8450e9308":[{"properties":{"transition":"auto-animate","duration":0,"easing":"ease-out","destination":"d85734f4-bbb6-4860-b548-1eaed91ed4c5","voiceLocale":"en-us"},"triggerEvent":"hover","action":"state-transition","id":"d29c98e0-0706-45f2-9101-ea42d76febfd"}],"38692282-7276-4f06-83b8-4acf11ccfa82":[{"properties":{"transition":"slide-left","duration":0.6,"easing":"ease-out","preserveScrollPosition":false,"destination":"c35f560f-76b9-4931-9b95-8f31d18b5756","voiceLocale":"es-mx"},"triggerEvent":"tap","action":"artboard-transition","id":"937bbac0-d47b-47b7-8669-e34768b2ee16"}],"b5e26f5e-015f-4d7c-bf01-480115dcbc7d":[{"properties":{"transition":"dissolve","duration":0.6,"easing":"ease-out","preserveScrollPosition":false,"destination":"eae5651e-3f20-4e07-96dd-321d797a829d","voiceLocale":"es-mx"},"triggerEvent":"tap","action":"artboard-transition","id":"72af7805-8aed-48a3-af20-b5983d7d5f0d"}],"3e33c1d0-f46c-43fe-a502-cbda60d8a704":[{"properties":{"transition":"auto-animate","duration":0.3,"easing":"ease-out","destination":"1c9d6ab3-95af-4dec-a9c7-be48add11207","voiceLocale":"en-us"},"triggerEvent":"hover","action":"state-transition","id":"10780005-0f8a-45f1-8918-941958145748"}],"122f3393-955d-4fae-a085-a0446143a92e":[{"properties":{"transition":"auto-animate","duration":0.2,"easing":"ease-out","destination":"684acfab-387f-4a89-bdff-ebfaacfcf2de","voiceLocale":"es-mx"},"triggerEvent":"tap","action":"state-transition","id":"d75142f5-99e7-4c48-9099-ca2db15d889d"}],"684acfab-387f-4a89-bdff-ebfaacfcf2de":[{"properties":{"transition":"auto-animate","duration":0.2,"easing":"linear","destination":"8e21fbf3-3f8c-4088-8183-8f1e71c57b0e","voiceLocale":"es-mx"},"triggerEvent":"tap","action":"state-transition","id":"1f8a3aa8-9ba1-4aab-8334-c04217566565"}],"34405ef5-758e-4037-9009-304b8407f156":[{"properties":{"transition":"auto-animate","duration":0.2,"easing":"ease-out","destination":"41279c3f-dda0-4f5a-a765-2700c5c9136d","voiceLocale":"es-mx"},"triggerEvent":"tap","action":"state-transition","id":"ae66f137-2cd4-4013-a636-e55d06d14406"}],"cf7ef3d3-ed55-4dea-91c5-a4ba4e19e9a9":[{"properties":{"transition":"auto-animate","duration":0.2,"easing":"ease-out","destination":"f0e66fc4-c86c-4b6c-abe0-09d48b7e54c7","voiceLocale":"es-mx"},"triggerEvent":"tap","action":"state-transition","id":"d61790d5-025c-4967-9b4d-7d33d7aa86bb"}],"2baaf2a0-2d21-411d-a76f-a33c712f385a":[{"properties":{"transition":"dissolve","duration":0.2,"easing":"ease-out","preserveScrollPosition":false,"destination":"d7219e69-bdf8-4ea1-8714-37838f9150ea","voiceLocale":"es-mx"},"triggerEvent":"tap","action":"auto-animate","id":"1d9281dc-9749-4d1b-aceb-92caee562c00"}],"45405ef7-ccbb-465c-b85c-91ce8edb19cd":[{"properties":{"transition":"dissolve","duration":0.2,"easing":"ease-out","preserveScrollPosition":false,"destination":"775fd48f-b78a-4052-8ab1-b53e9febb140","voiceLocale":"es-mx"},"triggerEvent":"tap","action":"auto-animate","id":"b8159c41-2092-4db3-b131-d40340c1cc42"}],"f0cd7a83-0c1e-4899-8a84-32c0b401115e":[{"properties":{"transition":"dissolve","duration":0.2,"easing":"ease-out","preserveScrollPosition":false,"destination":"eb0c743d-d9dc-4fd6-b11a-f19762f2a694","voiceLocale":"es-mx"},"triggerEvent":"tap","action":"auto-animate","id":"f97b62b1-c588-441c-bd62-e70b754eb907"}],"b0252325-5bb8-43e6-9545-1c503318f02c":[{"properties":{"transition":"dissolve","duration":0.2,"easing":"ease-out","preserveScrollPosition":false,"destination":"775fd48f-b78a-4052-8ab1-b53e9febb140","voiceLocale":"es-mx"},"triggerEvent":"tap","action":"auto-animate","id":"131e3bbb-a822-4ad9-abab-42ec35519a51"}],"d2dd54cf-23b9-4191-9e9a-5de37f926a18":[{"properties":{"transition":"dissolve","duration":0.2,"easing":"ease-out","preserveScrollPosition":false,"destination":"e957a099-1a04-4bd3-9afb-d204fd5e0da9","voiceLocale":"es-mx"},"triggerEvent":"tap","action":"auto-animate","id":"64227bba-f7be-4ff1-b6cb-78acfe2bd22d"}],"4a274203-f207-40ab-95f1-b61f5ebab719":[{"properties":{"transition":"slide-right","duration":0.6,"easing":"ease-out","preserveScrollPosition":false,"destination":"9e161d2c-1d1b-4eab-a35b-04407af51d2b","voiceLocale":"es-mx"},"triggerEvent":"tap","action":"artboard-transition","id":"02589a7d-12c6-49ea-a396-9d1716abf851"}],"cb5b466f-d5d6-496d-8311-5af68fcfbb1e":[{"properties":{"transition":"dissolve","duration":0.3,"easing":"ease-out","preserveScrollPosition":false,"destination":"9e161d2c-1d1b-4eab-a35b-04407af51d2b","voiceLocale":"en-us"},"triggerEvent":"tap","action":"artboard-transition","id":"fbd9546f-720c-4e3d-be0f-0ee276d8e941"}],"cfa493a5-bc02-4080-beb6-553837f72a87":[{"properties":{"transition":"dissolve","duration":0.3,"easing":"ease-out","preserveScrollPosition":false,"destination":"97083931-6460-42fe-8da9-fee686008be9","voiceLocale":"en-us"},"triggerEvent":"tap","action":"artboard-transition","id":"5c5bba2f-fa5c-4f23-8c2e-501e3ca36587"}],"d82bcba8-b0fa-440d-bfa8-22a00df0b2b4":[{"properties":{"transition":"auto-animate","duration":0.3,"easing":"ease-out","destination":"ffcfa9bd-ee50-487f-8f82-0ec93077a3bc","voiceLocale":"en-us"},"triggerEvent":"hover","action":"state-transition","id":"5d87f592-184f-44a2-adb8-8bcfff7df56d"}],"9c13420c-49a9-43e6-a044-f242414f5652":[{"properties":{"transition":"slide-right","duration":0.6,"easing":"ease-out","preserveScrollPosition":false,"destination":"9e161d2c-1d1b-4eab-a35b-04407af51d2b","voiceLocale":"es-mx"},"triggerEvent":"tap","action":"artboard-transition","id":"cc0f9456-1a09-46ef-8597-c49f685b7ccf"}],"7db2c22a-41ae-45c6-9f3d-975fc4ba6189":[{"properties":{"transition":"dissolve","duration":0.3,"easing":"ease-out","preserveScrollPosition":false,"destination":"37a5b0fc-6adc-40ab-8ecb-e5dfc6222b33","voiceLocale":"en-us"},"triggerEvent":"tap","action":"artboard-transition","id":"f48b0eb4-f104-4e5a-bb95-a95ba3822949"}],"44c54860-7c7c-45fd-9d37-8651a175994e":[{"properties":{"transition":null,"duration":0.3,"easing":"ease-out","destination":"356359c3-772b-4ba6-a5bd-ce6771c97b13","voiceLocale":"en-us"},"triggerEvent":"tap","action":"scroll-transition","id":"75a5bb9f-f86c-414a-8b19-2a63d3959d6f"}],"175215f9-fd47-4434-a6d2-94c20c4aeec4":[{"properties":{"transition":"dissolve","duration":0.3,"easing":"ease-out","preserveScrollPosition":false,"destination":"0f6a5642-4e0f-466f-93a6-67e4c37e4ef0","voiceLocale":"en-us"},"triggerEvent":"tap","action":"artboard-transition","id":"fc8549aa-c8ad-4bee-a72d-6eb580bb860f"}],"512d96b8-1dc8-408d-84e4-eb63f07df700":[{"properties":{"transition":null,"duration":0.3,"easing":"ease-out","destination":"356359c3-772b-4ba6-a5bd-ce6771c97b13","voiceLocale":"en-us"},"triggerEvent":"tap","action":"scroll-transition","id":"cf0134d7-b14c-43eb-870b-79d2f5d09082"}],"85366494-aa9b-45d8-94d9-3588e8b9a01e":[{"properties":{"transition":"dissolve","duration":0.3,"easing":"ease-out","preserveScrollPosition":false,"destination":"eae5651e-3f20-4e07-96dd-321d797a829d","voiceLocale":"es-mx"},"triggerEvent":"tap","action":"artboard-transition","id":"7b13257d-7fae-41df-8497-aa030499b9a8"}],"4832fca7-23c3-4436-9c4c-0933320234a4":[{"properties":{"transition":"dissolve","duration":0.3,"easing":"ease-out","preserveScrollPosition":false,"destination":"0f6a5642-4e0f-466f-93a6-67e4c37e4ef0","voiceLocale":"en-us"},"triggerEvent":"tap","action":"artboard-transition","id":"fc47369c-2f27-4fec-af64-8eb48eadf7f9"}],"ca2c1a9e-aa43-4948-9ca6-134155b89c8c":[{"properties":{"transition":"dissolve","duration":0.6,"easing":"ease-out","preserveScrollPosition":false,"destination":"1a07b347-3918-4922-a9d8-e8496f3ab131","voiceLocale":"es-mx"},"triggerEvent":"tap","action":"artboard-transition","id":"c052f553-c504-4010-b676-046a12e8ea7e"}],"3e0789f2-08e8-4492-9274-d6e1719d912b":[{"properties":{"transition":"dissolve","duration":0.3,"easing":"ease-out","preserveScrollPosition":false,"destination":"0f6a5642-4e0f-466f-93a6-67e4c37e4ef0","voiceLocale":"en-us"},"triggerEvent":"tap","action":"artboard-transition","id":"5d294000-e645-40fc-9ad5-9c01a2fbe672"}],"37d5be0b-a6c5-4e6b-947a-a8b2c3679eb4":[{"properties":{"transition":"dissolve","duration":0.3,"easing":"ease-out","preserveScrollPosition":false,"destination":"1a07b347-3918-4922-a9d8-e8496f3ab131","voiceLocale":"en-us"},"triggerEvent":"tap","action":"artboard-transition","id":"c31ee3c0-f5b0-47cc-b778-757c3e718dff"}],"9b19922d-fd25-4beb-9f78-8d43a7f5d5fa":[{"properties":{"transition":"dissolve","duration":0.3,"easing":"ease-out","preserveScrollPosition":false,"destination":"37a5b0fc-6adc-40ab-8ecb-e5dfc6222b33","voiceLocale":"en-us"},"triggerEvent":"tap","action":"artboard-transition","id":"0ec9ef96-72f8-4d75-b704-d147ec26e0ce"}],"8b507be9-f24b-4f4a-9b11-875710b48d26":[{"properties":{"transition":"dissolve","duration":0.3,"easing":"ease-out","preserveScrollPosition":false,"destination":"5bc7c252-ab79-4e17-9d4b-054e2ec72f10","voiceLocale":"en-us"},"triggerEvent":"tap","action":"artboard-transition","id":"6976a305-6413-436e-ab94-c0fb34215fb9"}],"624770e5-c610-4449-9c4d-ac77de212d7b":[{"properties":{"transition":"dissolve","duration":0.3,"easing":"ease-out","preserveScrollPosition":false,"destination":"5bc7c252-ab79-4e17-9d4b-054e2ec72f10","voiceLocale":"en-us"},"triggerEvent":"tap","action":"artboard-transition","id":"cf0e766e-add8-4791-a12a-fc6a1027669d"}],"98d923da-868e-44ba-aeb3-4c6722388a09":[{"properties":{"transition":"dissolve","duration":0.3,"easing":"ease-out","preserveScrollPosition":false,"destination":"37a5b0fc-6adc-40ab-8ecb-e5dfc6222b33","voiceLocale":"en-us"},"triggerEvent":"tap","action":"artboard-transition","id":"41da30ec-3f73-41fa-8f38-4988701d1ef6"}],"05b46f93-6666-4d2b-96fb-1eaae1c0dcda":[{"properties":{"transition":"dissolve","duration":0.3,"easing":"ease-out","preserveScrollPosition":false,"destination":"1a07b347-3918-4922-a9d8-e8496f3ab131","voiceLocale":"en-us"},"triggerEvent":"tap","action":"artboard-transition","id":"eb29ccc9-5db7-42f3-89f8-7e4ee3a38378"}],"66790a45-b3c6-405d-8a7b-017c10b282fe":[{"properties":{"transition":"dissolve","duration":0.3,"easing":"ease-out","preserveScrollPosition":false,"destination":"0f6a5642-4e0f-466f-93a6-67e4c37e4ef0","voiceLocale":"en-us"},"triggerEvent":"tap","action":"artboard-transition","id":"0fdc68bc-c6f3-4df7-bae2-ef2b84a6a79b"}],"d773263e-11c4-4555-b9e8-58a85931bbfb":[{"properties":{"transition":"dissolve","duration":0.3,"easing":"ease-out","preserveScrollPosition":false,"destination":"5bc7c252-ab79-4e17-9d4b-054e2ec72f10","voiceLocale":"en-us"},"triggerEvent":"tap","action":"artboard-transition","id":"c4765c46-9b59-4b36-a408-301bcc28b1d0"}],"1b288e31-929f-40d3-a212-e30a7fdde6ba":[{"properties":{"transition":"dissolve","duration":0.3,"easing":"ease-out","preserveScrollPosition":false,"destination":"37a5b0fc-6adc-40ab-8ecb-e5dfc6222b33","voiceLocale":"en-us"},"triggerEvent":"tap","action":"artboard-transition","id":"4aaa3b31-19d5-4e3e-98c7-fab4625706fd"}],"2788f165-4e80-4b8e-9851-e1224a40e791":[{"properties":{"transition":"dissolve","duration":0.3,"easing":"ease-out","preserveScrollPosition":false,"destination":"1a07b347-3918-4922-a9d8-e8496f3ab131","voiceLocale":"en-us"},"triggerEvent":"tap","action":"artboard-transition","id":"f6056b45-89f2-45e9-887d-b4954e539a26"}],"f1cf7bed-e858-4b87-9780-a85ad27741fa":[{"properties":{"transition":"dissolve","duration":0.3,"easing":"ease-out","preserveScrollPosition":false,"destination":"5bc7c252-ab79-4e17-9d4b-054e2ec72f10","voiceLocale":"en-us"},"triggerEvent":"tap","action":"artboard-transition","id":"67028fb9-06bb-48ed-b301-4dea76c70772"}],"0073317f-9271-4322-bf19-595fe94b4ac7":[{"properties":{"transition":"dissolve","duration":0.3,"easing":"ease-out","preserveScrollPosition":false,"destination":"37a5b0fc-6adc-40ab-8ecb-e5dfc6222b33","voiceLocale":"en-us"},"triggerEvent":"tap","action":"artboard-transition","id":"c3f32675-cb4b-4c36-bb2b-83631c1dd48e"}],"b554109c-74e3-4d3e-ba71-96f9a536e92c":[{"properties":{"transition":"dissolve","duration":0.6,"easing":"ease-out","preserveScrollPosition":false,"destination":"775fd48f-b78a-4052-8ab1-b53e9febb140","voiceLocale":"es-mx"},"triggerEvent":"tap","action":"artboard-transition","id":"7dd05e32-4476-4222-9f34-f73c63806522"}],"f6b21f78-41b8-42e2-819d-7133cc1485f5":[{"properties":{"transition":"dissolve","duration":0.3,"easing":"ease-out","preserveScrollPosition":false,"destination":"0f6a5642-4e0f-466f-93a6-67e4c37e4ef0","voiceLocale":"en-us"},"triggerEvent":"tap","action":"artboard-transition","id":"fb747bd8-d644-4adf-925f-767c02eeded9"}],"d4662fd9-3537-448f-bbbf-225f9fdaeac3":[{"properties":{"transition":"dissolve","duration":0.3,"easing":"ease-out","preserveScrollPosition":false,"destination":"5bc7c252-ab79-4e17-9d4b-054e2ec72f10","voiceLocale":"en-us"},"triggerEvent":"tap","action":"artboard-transition","id":"ffcb21d6-94ef-4f74-98c2-54c10c0b2d7e"}],"e39c739f-9b27-4d92-b043-277571a00c4f":[{"properties":{"transition":"dissolve","duration":0.3,"easing":"ease-out","preserveScrollPosition":false,"destination":"37a5b0fc-6adc-40ab-8ecb-e5dfc6222b33","voiceLocale":"en-us"},"triggerEvent":"tap","action":"artboard-transition","id":"73ae0a29-fa02-41d4-a136-55c341243e38"}],"346ee024-918d-4c89-a465-772faf2c8439":[{"properties":{"transition":"dissolve","duration":0.3,"easing":"ease-out","preserveScrollPosition":false,"destination":"1a07b347-3918-4922-a9d8-e8496f3ab131","voiceLocale":"en-us"},"triggerEvent":"tap","action":"artboard-transition","id":"8f9a0456-88ee-4040-8e29-07e74ef46b9c"}],"4747b11a-54c2-4481-9ad9-8f62256cd7ef":[{"properties":{"transition":"dissolve","duration":0.3,"easing":"ease-out","preserveScrollPosition":false,"destination":"0f6a5642-4e0f-466f-93a6-67e4c37e4ef0","voiceLocale":"en-us"},"triggerEvent":"tap","action":"artboard-transition","id":"c1484616-b929-4ffb-bb31-6605bc4eb770"}],"97747902-6925-453d-be75-20c639bd6f31":[{"properties":{"transition":"dissolve","duration":0.3,"easing":"ease-out","preserveScrollPosition":false,"destination":"5bc7c252-ab79-4e17-9d4b-054e2ec72f10","voiceLocale":"en-us"},"triggerEvent":"tap","action":"artboard-transition","id":"473fc194-cc78-4e54-b1a7-0f37aaaa4765"}],"4b05043a-0db0-4c59-be61-65fc107963e6":[{"properties":{"transition":"dissolve","duration":0.3,"easing":"ease-out","preserveScrollPosition":false,"destination":"37a5b0fc-6adc-40ab-8ecb-e5dfc6222b33","voiceLocale":"en-us"},"triggerEvent":"tap","action":"artboard-transition","id":"ebb71b5a-9d11-4fd9-b80d-9af8ecc88823"}],"55c45bf2-4d42-467f-92e5-cb3d2fbb2915":[{"properties":{"transition":"dissolve","duration":0.3,"easing":"ease-out","preserveScrollPosition":false,"destination":"1a07b347-3918-4922-a9d8-e8496f3ab131","voiceLocale":"en-us"},"triggerEvent":"tap","action":"artboard-transition","id":"00ca7681-ce6d-4d1b-8801-804419dd6b18"}],"1009c51c-ebde-4ea8-858a-7dc263e96500":[{"properties":{"transition":"dissolve","duration":0.3,"easing":"ease-out","preserveScrollPosition":false,"destination":"5bc7c252-ab79-4e17-9d4b-054e2ec72f10","voiceLocale":"en-us"},"triggerEvent":"tap","action":"artboard-transition","id":"3d055ff9-9636-4117-bec2-107a48cb4526"}],"8c787c1a-d696-4feb-85b6-7294fee67167":[{"properties":{"transition":"dissolve","duration":0.3,"easing":"ease-out","preserveScrollPosition":false,"destination":"37a5b0fc-6adc-40ab-8ecb-e5dfc6222b33","voiceLocale":"en-us"},"triggerEvent":"tap","action":"artboard-transition","id":"20291ecc-ac50-4813-ab04-91e1a9762da9"}],"348a15ec-7c58-44a1-aadf-5c67f627d559":[{"properties":{"transition":"dissolve","duration":0.6,"easing":"ease-out","preserveScrollPosition":false,"destination":"775fd48f-b78a-4052-8ab1-b53e9febb140","voiceLocale":"es-mx"},"triggerEvent":"tap","action":"artboard-transition","id":"f113798c-eee7-4547-b91c-9578a074b73f"}],"838eacb1-b6ec-4ba1-b49d-58f5761a8658":[{"properties":{"transition":"dissolve","duration":0.3,"easing":"ease-out","preserveScrollPosition":false,"destination":"1a07b347-3918-4922-a9d8-e8496f3ab131","voiceLocale":"en-us"},"triggerEvent":"tap","action":"artboard-transition","id":"0cc88f28-54c3-4605-92e1-82858a80c3f8"}],"97538e2e-875d-4484-be52-f8e68644ce5b":[{"properties":{"transition":"dissolve","duration":0.3,"easing":"ease-out","preserveScrollPosition":false,"destination":"5bc7c252-ab79-4e17-9d4b-054e2ec72f10","voiceLocale":"en-us"},"triggerEvent":"tap","action":"artboard-transition","id":"099035f3-4cc3-4d41-afca-fe52d10c950a"}],"8864f4e1-e8aa-460c-8f5c-bcda4cd9a2ac":[{"properties":{"transition":"dissolve","duration":0.3,"easing":"ease-out","preserveScrollPosition":false,"destination":"37a5b0fc-6adc-40ab-8ecb-e5dfc6222b33","voiceLocale":"en-us"},"triggerEvent":"tap","action":"artboard-transition","id":"91807349-da64-4e1e-b821-59aa7040f1bb"}],"757cc35f-c560-4eb4-97c1-e0db6ba0e297":[{"properties":{"transition":"dissolve","duration":0.6,"easing":"ease-out","preserveScrollPosition":false,"destination":"775fd48f-b78a-4052-8ab1-b53e9febb140","voiceLocale":"es-mx"},"triggerEvent":"tap","action":"artboard-transition","id":"b3badb22-c790-4129-aac3-63a508ed30ee"}],"d14260ec-5049-4c83-9100-bda9c2e8767b":[{"properties":{"transition":"dissolve","duration":0.3,"easing":"ease-out","preserveScrollPosition":false,"destination":"1a07b347-3918-4922-a9d8-e8496f3ab131","voiceLocale":"en-us"},"triggerEvent":"tap","action":"artboard-transition","id":"5febf73c-e529-40a4-8663-8d44a5e3a7b8"}],"870c8a84-33b6-4590-8296-c481a395e81b":[{"properties":{"transition":"dissolve","duration":0.3,"easing":"ease-out","preserveScrollPosition":false,"destination":"5bc7c252-ab79-4e17-9d4b-054e2ec72f10","voiceLocale":"en-us"},"triggerEvent":"tap","action":"artboard-transition","id":"76a2be51-dc87-4b56-8ee1-655a955092e9"}],"065dafac-a95c-461f-84e9-41f251930679":[{"properties":{"transition":"dissolve","duration":0.3,"easing":"ease-out","preserveScrollPosition":false,"destination":"1a07b347-3918-4922-a9d8-e8496f3ab131","voiceLocale":"en-us"},"triggerEvent":"tap","action":"artboard-transition","id":"4b9c2c54-8908-4ac8-afa3-a15d37e7291c"}],"5a15d8fb-1d91-42ee-a53b-daab300432a5":[{"properties":{"transition":"dissolve","duration":0.3,"easing":"ease-out","preserveScrollPosition":false,"destination":"0f6a5642-4e0f-466f-93a6-67e4c37e4ef0","voiceLocale":"en-us"},"triggerEvent":"tap","action":"artboard-transition","id":"98413d85-b7a5-4d01-a212-1bd82d9b3762"}],"f4221e21-2cb0-4f56-83a3-b2c4e518d164":[{"properties":{"transition":"dissolve","duration":0.3,"easing":"ease-out","preserveScrollPosition":false,"destination":"5bc7c252-ab79-4e17-9d4b-054e2ec72f10","voiceLocale":"en-us"},"triggerEvent":"tap","action":"artboard-transition","id":"87f55a64-f789-44aa-a660-f435488f8bbf"}],"9e3ab245-3361-4da8-b5d2-2058c54ff47e":[{"properties":{"transition":"dissolve","duration":0.3,"easing":"ease-out","preserveScrollPosition":false,"destination":"37a5b0fc-6adc-40ab-8ecb-e5dfc6222b33","voiceLocale":"en-us"},"triggerEvent":"tap","action":"artboard-transition","id":"13caacfb-874b-4e8f-a543-98678a0099fa"}],"fec069c7-d72a-48eb-affb-458cfca89aaa":[{"properties":{"transition":"dissolve","duration":0.6,"easing":"ease-out","preserveScrollPosition":false,"destination":"775fd48f-b78a-4052-8ab1-b53e9febb140","voiceLocale":"es-mx"},"triggerEvent":"tap","action":"artboard-transition","id":"66057dc4-cdcf-4e7f-bbbf-97f396387def"}],"c2176069-bf69-45e9-b0e0-95b455a97d74":[{"properties":{"transition":"dissolve","duration":0.3,"easing":"ease-out","preserveScrollPosition":false,"destination":"1a07b347-3918-4922-a9d8-e8496f3ab131","voiceLocale":"en-us"},"triggerEvent":"tap","action":"artboard-transition","id":"4facc52b-a0b1-4552-bcd4-08d3cd80f99a"}],"83bdeb3b-576a-45c9-afb6-b1e98e702b92":[{"properties":{"transition":"dissolve","duration":0.3,"easing":"ease-out","preserveScrollPosition":false,"destination":"0f6a5642-4e0f-466f-93a6-67e4c37e4ef0","voiceLocale":"en-us"},"triggerEvent":"tap","action":"artboard-transition","id":"6b23147e-33a6-4bd3-ba8a-8887715a8071"}],"a8f0fa70-d327-40eb-a2c2-e447baeeee91":[{"properties":{"transition":"dissolve","duration":0.3,"easing":"ease-out","preserveScrollPosition":false,"destination":"5bc7c252-ab79-4e17-9d4b-054e2ec72f10","voiceLocale":"en-us"},"triggerEvent":"tap","action":"artboard-transition","id":"590e2aa4-6b4f-4142-b3ac-26a17fb9310c"}],"d99737c7-2378-4356-9a5c-e005ec01f98b":[{"properties":{"transition":"dissolve","duration":0.3,"easing":"ease-out","preserveScrollPosition":false,"destination":"37a5b0fc-6adc-40ab-8ecb-e5dfc6222b33","voiceLocale":"en-us"},"triggerEvent":"tap","action":"artboard-transition","id":"fd4be3d5-a55b-44c2-99a3-736e09df2fa9"}],"d55a5e43-af2c-4f12-b0d7-c6490bf66286":[{"properties":{"transition":"dissolve","duration":0.6,"easing":"ease-out","preserveScrollPosition":false,"destination":"775fd48f-b78a-4052-8ab1-b53e9febb140","voiceLocale":"es-mx"},"triggerEvent":"tap","action":"artboard-transition","id":"a5a63700-2f6c-4d55-8b2e-706a7a1a36a4"}],"e41fe28c-b90a-4d0a-a614-e313b302c57d":[{"properties":{"transition":"dissolve","duration":0.3,"easing":"ease-out","preserveScrollPosition":false,"destination":"1a07b347-3918-4922-a9d8-e8496f3ab131","voiceLocale":"en-us"},"triggerEvent":"tap","action":"artboard-transition","id":"b42fc77b-21c8-43f0-94d6-bfed45043095"}],"3aec4e5f-a969-41c9-b7f1-56abd541b2de":[{"properties":{"transition":"dissolve","duration":0.3,"easing":"ease-out","preserveScrollPosition":false,"destination":"0f6a5642-4e0f-466f-93a6-67e4c37e4ef0","voiceLocale":"en-us"},"triggerEvent":"tap","action":"artboard-transition","id":"4d21ad71-73a0-452b-b9e8-b3fe9afe8d44"}],"691659f7-1788-4fdf-b5ee-b418e69fb48b":[{"properties":{"transition":"dissolve","duration":0.3,"easing":"ease-out","preserveScrollPosition":false,"destination":"5bc7c252-ab79-4e17-9d4b-054e2ec72f10","voiceLocale":"en-us"},"triggerEvent":"tap","action":"artboard-transition","id":"0426e1c9-59b9-4e21-aaf0-b11970dbff5e"}],"276f9b52-13f2-4224-acbc-28106ff3ea45":[{"properties":{"transition":"dissolve","duration":0.3,"easing":"ease-out","preserveScrollPosition":false,"destination":"37a5b0fc-6adc-40ab-8ecb-e5dfc6222b33","voiceLocale":"en-us"},"triggerEvent":"tap","action":"artboard-transition","id":"82d2034e-ada6-4c2b-8420-d9df43749a65"}],"5532ff63-c472-4c77-867f-3336659508f6":[{"properties":{"transition":"dissolve","duration":0.6,"easing":"ease-out","preserveScrollPosition":false,"destination":"775fd48f-b78a-4052-8ab1-b53e9febb140","voiceLocale":"es-mx"},"triggerEvent":"tap","action":"artboard-transition","id":"eb6adbb0-daa2-49be-b819-e7768347674b"}],"9df2e5b9-7553-484e-98e5-f5dd8b2ea993":[{"properties":{"transition":"dissolve","duration":0.3,"easing":"ease-out","preserveScrollPosition":false,"destination":"1a07b347-3918-4922-a9d8-e8496f3ab131","voiceLocale":"en-us"},"triggerEvent":"tap","action":"artboard-transition","id":"22202a7e-7789-46fc-88c7-526345055e2a"}],"56b6b96d-30aa-4d6c-be9c-8fb2407d312a":[{"properties":{"transition":"dissolve","duration":0.3,"easing":"ease-out","preserveScrollPosition":false,"destination":"0f6a5642-4e0f-466f-93a6-67e4c37e4ef0","voiceLocale":"en-us"},"triggerEvent":"tap","action":"artboard-transition","id":"1f82ef49-005a-4016-836c-2e81acdf6ec2"}],"0e135f90-00e8-41ea-8745-d413c80d7ee3":[{"properties":{"transition":"slide-right","duration":0.3,"easing":"ease-out","preserveScrollPosition":false,"destination":"9e161d2c-1d1b-4eab-a35b-04407af51d2b","voiceLocale":"en-us"},"triggerEvent":"tap","action":"artboard-transition","id":"15fe0023-2ec0-40ea-a58d-8efd015b515c"}],"2a435639-2342-4687-a8ef-adf7bdeb6c53":[{"properties":{"transition":"slide-right","duration":0.3,"easing":"ease-out","preserveScrollPosition":false,"destination":"9e161d2c-1d1b-4eab-a35b-04407af51d2b","voiceLocale":"en-us"},"triggerEvent":"tap","action":"artboard-transition","id":"ed4024e1-3559-492f-b832-b6a1419cd132"}],"64e9f02e-334b-49fb-9aee-da0f8603603b":[{"properties":{"transition":"dissolve","duration":0.3,"easing":"ease-out","preserveScrollPosition":false,"destination":"eae5651e-3f20-4e07-96dd-321d797a829d","voiceLocale":"en-us"},"triggerEvent":"tap","action":"artboard-transition","id":"eba66d8d-f554-4d2e-b63d-afe3b6bd7ac0"}],"b1b29709-ab37-4cca-8cba-ae2003cde6d1":[{"properties":{"transition":"slide-right","duration":0.3,"easing":"ease-out","preserveScrollPosition":false,"destination":"eae5651e-3f20-4e07-96dd-321d797a829d","voiceLocale":"en-us"},"triggerEvent":"tap","action":"artboard-transition","id":"bbb38997-2607-455d-b34d-1dcd7df9ef72"}],"8c98f955-8ee6-4a9b-aa96-bacb7b9249c0":[{"properties":{"transition":"slide-right","duration":0.3,"easing":"ease-out","preserveScrollPosition":false,"destination":"eae5651e-3f20-4e07-96dd-321d797a829d","voiceLocale":"en-us"},"triggerEvent":"tap","action":"artboard-transition","id":"77a58ccf-9078-4b21-8101-c4a0e506bc9a"}],"470a281a-06dc-440a-b82e-7659f8f52c36":[{"properties":{"transition":"slide-right","duration":0.3,"easing":"ease-out","preserveScrollPosition":false,"destination":"eae5651e-3f20-4e07-96dd-321d797a829d","voiceLocale":"en-us"},"triggerEvent":"tap","action":"artboard-transition","id":"e5455230-b93b-4157-a62b-9276fd0746b9"}],"38ac5783-5530-4271-8a11-3ce616a888fb":[{"properties":{"transition":"slide-right","duration":0.3,"easing":"ease-out","preserveScrollPosition":false,"destination":"eae5651e-3f20-4e07-96dd-321d797a829d","voiceLocale":"en-us"},"triggerEvent":"tap","action":"artboard-transition","id":"facb2117-4c8f-4552-a04b-6b268f82dfc0"}],"4a730fcf-f3db-4089-bb0d-4195f1c10539":[{"properties":{"transition":"slide-right","duration":0.3,"easing":"ease-out","preserveScrollPosition":false,"destination":"eae5651e-3f20-4e07-96dd-321d797a829d","voiceLocale":"en-us"},"triggerEvent":"tap","action":"artboard-transition","id":"d3a119ac-75b6-4a40-872b-b556b0d871e8"}],"0f0ecc36-fefe-4a51-a0d9-612ed1a97694":[{"properties":{"transition":"dissolve","duration":0.3,"easing":"ease-out","preserveScrollPosition":false,"destination":"eae5651e-3f20-4e07-96dd-321d797a829d","voiceLocale":"en-us"},"triggerEvent":"tap","action":"artboard-transition","id":"9b4fa4f0-ad7f-4fde-9f8f-c24ddf6c2283"}],"78cedf45-2c7e-4be2-9ff9-adda107690a3":[{"properties":{"transition":"dissolve","duration":0.6,"easing":"ease-out","preserveScrollPosition":false,"destination":"d4a11dd2-21b5-43dc-a476-78c4b936e783","voiceLocale":"es-mx"},"triggerEvent":"tap","action":"artboard-transition","id":"17fa1107-87a1-405c-8931-a1621166caec"}],"46decf89-53f7-434f-8fb7-1fc9c74a8296":[{"properties":{"transition":"dissolve","duration":0.6,"easing":"ease-out","preserveScrollPosition":false,"destination":"d4a11dd2-21b5-43dc-a476-78c4b936e783","voiceLocale":"es-mx"},"triggerEvent":"tap","action":"artboard-transition","id":"102af27c-defe-4b01-9830-906dc3ec2e4f"}],"2dad354e-1896-4402-a572-98dc0d846cc2":[{"properties":{"transition":"dissolve","duration":0.6,"easing":"ease-out","preserveScrollPosition":false,"destination":"d4a11dd2-21b5-43dc-a476-78c4b936e783","voiceLocale":"es-mx"},"triggerEvent":"tap","action":"artboard-transition","id":"f581bb76-e222-4ebb-9c10-608d318cf8cd"}],"5fff0149-4b69-4c28-9659-ea615ab34ff3":[{"properties":{"transition":"dissolve","duration":0.6,"easing":"ease-out","preserveScrollPosition":false,"destination":"d4a11dd2-21b5-43dc-a476-78c4b936e783","voiceLocale":"es-mx"},"triggerEvent":"tap","action":"artboard-transition","id":"6cec84be-3859-43b0-8818-6ba614b0ba97"}],"b4c94070-99ed-4d17-8430-e0b270cdcecc":[{"properties":{"transition":"dissolve","duration":0.6,"easing":"ease-out","preserveScrollPosition":false,"destination":"d4a11dd2-21b5-43dc-a476-78c4b936e783","voiceLocale":"es-mx"},"triggerEvent":"tap","action":"artboard-transition","id":"e7051499-c770-48c3-a139-a14278dd8bc8"}],"ab7278cb-3875-4456-8782-a8acc3b6aeaf":[{"properties":{"transition":"dissolve","duration":0.6,"easing":"ease-out","preserveScrollPosition":false,"destination":"d4a11dd2-21b5-43dc-a476-78c4b936e783","voiceLocale":"es-mx"},"triggerEvent":"tap","action":"artboard-transition","id":"5cb94259-0acd-4f0a-bd7a-dfaa33eb394d"}],"69c806e2-e8fd-45e9-83e8-77420bffe45f":[{"properties":{"transition":"dissolve","duration":0.6,"easing":"ease-out","preserveScrollPosition":false,"destination":"d4a11dd2-21b5-43dc-a476-78c4b936e783","voiceLocale":"es-mx"},"triggerEvent":"tap","action":"artboard-transition","id":"b508c620-f830-4231-880d-b6065db56498"}],"0139a665-ffc8-48d0-8827-8c5eaee8a84e":[{"properties":{"transition":"auto-animate","duration":0.3,"easing":"ease-out","destination":"a34e7257-2736-47f0-929e-689d812c39b2","voiceLocale":"en-us"},"triggerEvent":"tap","action":"state-transition","id":"f459e073-a237-425b-ba24-6b92998f8c10"}],"3d1913d8-279a-4351-a96f-b0d561911c70":[{"properties":{"transition":"auto-animate","duration":0.3,"easing":"ease-out","destination":"0d25261b-f328-4367-8f4a-01ec73472883","voiceLocale":"en-us"},"triggerEvent":"tap","action":"state-transition","id":"12b39a12-7925-418c-9809-fb8c25e73563"}],"bd95ae15-8e68-43c1-b4c3-c8b86505c37a":[{"properties":{"transition":"dissolve","duration":0.3,"easing":"ease-out","preserveScrollPosition":false,"destination":"5bc7c252-ab79-4e17-9d4b-054e2ec72f10","voiceLocale":"en-us"},"triggerEvent":"tap","action":"artboard-transition","id":"0a4d1414-3252-4510-9fc7-8597794dad46"}],"97b353fb-f576-42ff-8125-2592ffb24da4":[{"properties":{"transition":"dissolve","duration":0.3,"easing":"ease-out","preserveScrollPosition":false,"destination":"37a5b0fc-6adc-40ab-8ecb-e5dfc6222b33","voiceLocale":"en-us"},"triggerEvent":"tap","action":"artboard-transition","id":"adb677e8-547b-4759-82c4-f9d368246b08"}],"859833ef-a07f-4dc9-97a7-cef670adffe0":[{"properties":{"transition":"dissolve","duration":0.3,"easing":"ease-out","preserveScrollPosition":false,"destination":"eae5651e-3f20-4e07-96dd-321d797a829d","voiceLocale":"en-us"},"triggerEvent":"tap","action":"artboard-transition","id":"10382f37-7e77-4a7c-9d5b-b3033080ebf4"}],"d9f44d5b-77d7-4fc7-b34e-c30344a38e27":[{"properties":{"transition":"dissolve","duration":0.3,"easing":"ease-out","preserveScrollPosition":false,"destination":"1a07b347-3918-4922-a9d8-e8496f3ab131","voiceLocale":"en-us"},"triggerEvent":"tap","action":"artboard-transition","id":"28becf61-d5e9-4f65-a29b-875ba1e83e10"}],"581888b6-66ed-4804-966f-ce88588409aa":[{"properties":{"transition":"dissolve","duration":0.3,"easing":"ease-out","preserveScrollPosition":false,"destination":"0f6a5642-4e0f-466f-93a6-67e4c37e4ef0","voiceLocale":"en-us"},"triggerEvent":"tap","action":"artboard-transition","id":"c7297506-1d43-4c8f-abfc-a17135a945df"}],"c0e1a502-a621-47d0-8d5b-798bb66c79f5":[{"properties":{"transition":"dissolve","duration":0.3,"easing":"ease-out","preserveScrollPosition":false,"destination":"ab4e4913-dd68-40cd-8bb1-29f8b2cea9ec","voiceLocale":"en-us"},"triggerEvent":"tap","action":"auto-animate","id":"2b1330fd-dd4b-4322-b3b0-9fde12fd000b"}],"91480d70-0f6d-4b18-a9b7-f552b9c4f3ab":[{"properties":{"transition":"slide-right","duration":0.6,"easing":"ease-out","preserveScrollPosition":false,"destination":"37a5b0fc-6adc-40ab-8ecb-e5dfc6222b33","voiceLocale":"es-mx"},"triggerEvent":"tap","action":"artboard-transition","id":"7e6592f4-f4f1-4103-ad3e-6be81e14b3da"}],"1eb82c0c-42d8-4dae-b5cf-4c0c63ccf0b0":[{"properties":{"transition":"dissolve","duration":0.3,"easing":"ease-out","preserveScrollPosition":false,"destination":"0f6a5642-4e0f-466f-93a6-67e4c37e4ef0","voiceLocale":"en-us"},"triggerEvent":"tap","action":"artboard-transition","id":"20a8848b-6f64-45e6-bd02-5a0a4d403145"}],"9b8c87c9-fb5c-4e6b-85f4-638213c1d243":[{"properties":{"transition":"dissolve","duration":0.3,"easing":"ease-out","preserveScrollPosition":false,"destination":"37a5b0fc-6adc-40ab-8ecb-e5dfc6222b33","voiceLocale":"en-us"},"triggerEvent":"tap","action":"artboard-transition","id":"e8e7388f-95d3-4d52-be66-0a8a063ef776"}],"ff1233f9-044f-431b-b8d3-e23519d8a3d8":[{"properties":{"transition":"dissolve","duration":0.3,"easing":"ease-out","preserveScrollPosition":false,"destination":"0f6a5642-4e0f-466f-93a6-67e4c37e4ef0","voiceLocale":"en-us"},"triggerEvent":"tap","action":"artboard-transition","id":"78a5c821-d300-4b2b-b7b5-c9a9c49e755f"}],"c9545121-de19-4c75-bc6a-84d28a06bc9c":[{"properties":{"transition":"dissolve","duration":0.3,"easing":"ease-out","preserveScrollPosition":false,"destination":"37a5b0fc-6adc-40ab-8ecb-e5dfc6222b33","voiceLocale":"en-us"},"triggerEvent":"tap","action":"artboard-transition","id":"467d3e71-a839-45a0-a25d-b38c252e6ec3"}],"528c8276-efb3-4f64-9c61-f96b2183d14a":[{"properties":{"transition":"auto-animate","duration":0.3,"easing":"ease-out","destination":"863de1a1-b434-42fe-88ad-bb79ee482ab6","voiceLocale":"en-us"},"triggerEvent":"hover","action":"state-transition","id":"7b6691c0-bd2a-4529-a0d9-6c30dcf7e150"}],"6c03e845-d53a-4437-9876-1525f04e6f00":[{"properties":{"transition":"auto-animate","duration":0,"easing":"ease-out","destination":"8c262e47-84c3-4248-bcdf-9eb02b2a97d7","voiceLocale":"en-us"},"triggerEvent":"hover","action":"state-transition","id":"54ce3c8d-1149-4f5a-adca-0de9061cbc68"}],"e25c1164-7b09-4329-aa92-5dbbd0cd487c":[{"properties":{"transition":"auto-animate","duration":0,"easing":"ease-out","destination":"e86d7b62-423e-46f4-a573-9790daf3958f","voiceLocale":"en-us"},"triggerEvent":"hover","action":"state-transition","id":"dc3a4b0f-30e8-4396-8aae-3cab67396be6"}],"f2eb0333-96da-4c71-9412-824ce41b15e4":[{"properties":{"transition":"auto-animate","duration":0,"easing":"ease-out","destination":"1ee98d78-bee9-42e9-85a3-fd031d0a3965","voiceLocale":"en-us"},"triggerEvent":"hover","action":"state-transition","id":"205de06d-e911-4a43-93c2-f0836faf5f1e"}],"80c18abb-c8b5-4856-9c46-c741a6160419":[{"properties":{"transition":"auto-animate","duration":0,"easing":"ease-out","destination":"20473cae-7af6-4353-8d2f-b721a1426ac6","voiceLocale":"en-us"},"triggerEvent":"hover","action":"state-transition","id":"e6943fa3-c436-429e-89c7-072b9b5e4f2d"}],"99a742be-4035-41af-8d28-a7cc70f78034":[{"properties":{"transition":"dissolve","duration":0.3,"easing":"ease-out","preserveScrollPosition":false,"destination":"5bc7c252-ab79-4e17-9d4b-054e2ec72f10","voiceLocale":"en-us"},"triggerEvent":"tap","action":"artboard-transition","id":"7afc863d-3f95-452f-8c29-701fc6a65e67"}],"e34a2846-7111-4e86-8325-9de760155e6f":[{"properties":{"transition":"dissolve","duration":0.3,"easing":"ease-out","preserveScrollPosition":false,"destination":"37a5b0fc-6adc-40ab-8ecb-e5dfc6222b33","voiceLocale":"en-us"},"triggerEvent":"tap","action":"artboard-transition","id":"320e3654-10d8-4928-9448-38be8b9cbbfc"}],"5df6025f-8a96-4669-bbe5-955780277c75":[{"properties":{"transition":"dissolve","duration":0.3,"easing":"ease-out","preserveScrollPosition":false,"destination":"eae5651e-3f20-4e07-96dd-321d797a829d","voiceLocale":"en-us"},"triggerEvent":"tap","action":"artboard-transition","id":"9620b61f-b1c7-4570-aecb-7f72de9f25b3"}],"f4fba0d7-455c-4e6c-9aa7-885022029ca5":[{"properties":{"transition":"dissolve","duration":0.3,"easing":"ease-out","preserveScrollPosition":false,"destination":"1a07b347-3918-4922-a9d8-e8496f3ab131","voiceLocale":"en-us"},"triggerEvent":"tap","action":"artboard-transition","id":"51dc3dfc-fe25-46f1-94e7-7ec9193f0627"}],"9334a7df-d1a9-4e4e-b119-5090fa7b66c7":[{"properties":{"transition":"dissolve","duration":0.3,"easing":"ease-out","preserveScrollPosition":false,"destination":"0f6a5642-4e0f-466f-93a6-67e4c37e4ef0","voiceLocale":"en-us"},"triggerEvent":"tap","action":"artboard-transition","id":"4df38d86-40fc-4454-8707-897ce3119668"}],"f95bcc23-dd1e-42a8-89bc-89f513c5c533":[{"properties":{"transition":"auto-animate","duration":0.3,"easing":"ease-out","destination":"8197f849-bef1-403d-8f0e-fbaa201933e5","voiceLocale":"en-us"},"triggerEvent":"tap","action":"state-transition","id":"f665b62d-f995-4747-8c80-b582582a8553"}],"8197f849-bef1-403d-8f0e-fbaa201933e5":[{"properties":{"transition":"auto-animate","duration":0.3,"easing":"ease-out","destination":"63953abc-a4cb-4fa8-a37b-03b9172e6f46","voiceLocale":"en-us"},"triggerEvent":"tap","action":"state-transition","id":"168d271c-1f34-492d-9a3b-d9371de9c13b"}],"27aa2c6c-ce22-4ee3-9cda-8335e5979c46":[{"properties":{"transition":"auto-animate","duration":0.3,"easing":"ease-out","destination":"8197f849-bef1-403d-8f0e-fbaa201933e5","voiceLocale":"en-us"},"triggerEvent":"tap","action":"state-transition","id":"ee6bfcde-199e-4e04-9b64-2c5c624ea3b0"}],"a475a565-1b23-4f56-982d-56514c381219":[{"properties":{"transition":"auto-animate","duration":0.3,"easing":"ease-out","destination":"63953abc-a4cb-4fa8-a37b-03b9172e6f46","voiceLocale":"en-us"},"triggerEvent":"tap","action":"state-transition","id":"575b4136-0d4e-4b8f-a69c-177ade715179"}],"420bbf84-04bc-4da7-9d8a-f7ac10d83533":[{"properties":{"transition":"auto-animate","duration":0.3,"easing":"ease-out","destination":"46f7498a-1ca1-42f6-9d06-c833fde74c05","voiceLocale":"en-us"},"triggerEvent":"tap","action":"state-transition","id":"5cee2ec3-16b6-4606-9d93-d017d8464c03"}],"b1c52fa9-c828-4ab8-93ff-6327f3cff3fb":[{"properties":{"transition":"auto-animate","duration":0.3,"easing":"ease-out","destination":"63953abc-a4cb-4fa8-a37b-03b9172e6f46","voiceLocale":"en-us"},"triggerEvent":"tap","action":"state-transition","id":"285179de-28cd-4692-b912-e1d01bfbe393"}],"b57e7e09-4bec-4387-ab84-afb882c460ba":[{"properties":{"transition":"auto-animate","duration":0.3,"easing":"ease-out","destination":"39cf29b1-0723-4bb5-89e8-39d534683e44","voiceLocale":"en-us"},"triggerEvent":"tap","action":"state-transition","id":"5b8f4b1a-09af-4b9d-ac34-f2a485f7b491"}],"c9974dae-418a-4c27-b242-ba4a7fba115f":[{"properties":{"transition":"auto-animate","duration":0.3,"easing":"ease-out","destination":"63953abc-a4cb-4fa8-a37b-03b9172e6f46","voiceLocale":"en-us"},"triggerEvent":"tap","action":"state-transition","id":"21d6d6f9-5f65-433e-9d69-2b36b634353f"}],"d24e5501-a4ae-43e5-aea9-ac60a786ec18":[{"properties":{"transition":"dissolve","duration":0.2,"easing":"ease-out","preserveScrollPosition":false,"destination":"775fd48f-b78a-4052-8ab1-b53e9febb140","voiceLocale":"es-mx"},"triggerEvent":"tap","action":"auto-animate","id":"0d55eae6-90a0-4dd3-8a5a-915b19baf0da"}],"2efdb3c7-de24-476a-a580-29824c55c01b":[{"properties":{"transition":"slide-right","duration":0.6,"easing":"ease-out","preserveScrollPosition":false,"destination":"7710cfb5-e4b9-4cab-a482-b77d41feb8b4","voiceLocale":"es-mx"},"triggerEvent":"tap","action":"artboard-transition","id":"a9c5a485-97ac-4fab-a859-afb8203a5de8"}],"b2ee1a73-a9d8-4ee1-a9a8-fb817879d914":[{"properties":{"transition":"dissolve","duration":0.3,"easing":"ease-out","preserveScrollPosition":false,"destination":"a321552f-d091-42dc-9b4d-5ef4eddb4d67","voiceLocale":"en-us"},"triggerEvent":"tap","action":"auto-animate","id":"0432b25f-ea74-49a9-9e27-34dbdcc78167"}],"c4c92a33-666c-4ff2-9409-70c6c4c58d90":[{"properties":{"transition":"dissolve","duration":0.3,"easing":"ease-out","preserveScrollPosition":false,"destination":"37a5b0fc-6adc-40ab-8ecb-e5dfc6222b33","voiceLocale":"en-us"},"triggerEvent":"tap","action":"auto-animate","id":"5542957d-3e02-466c-9d58-4bcdc4cdff2d"}],"c2f66eff-7d00-44bb-8d24-fe2c0d1beead":[{"properties":{"transition":"dissolve","duration":0.3,"easing":"ease-out","preserveScrollPosition":false,"destination":"ab4e4913-dd68-40cd-8bb1-29f8b2cea9ec","voiceLocale":"en-us"},"triggerEvent":"tap","action":"auto-animate","id":"d9176cf6-5747-4e5e-9e53-30411ff5cd25"}],"50979efd-a2ca-4962-9507-9a3b10f0160b":[{"properties":{"transition":"dissolve","duration":0.3,"easing":"ease-out","preserveScrollPosition":false,"destination":"eae5651e-3f20-4e07-96dd-321d797a829d","voiceLocale":"en-us"},"triggerEvent":"tap","action":"auto-animate","id":"2d61e684-935b-49c8-aa29-ee8f3b80f3dc"}],"6094400e-4983-44a2-8155-87c5b07623d3":[{"properties":{"transition":"dissolve","duration":0.6,"easing":"ease-out","preserveScrollPosition":false,"destination":"d4a11dd2-21b5-43dc-a476-78c4b936e783","voiceLocale":"es-mx"},"triggerEvent":"tap","action":"artboard-transition","id":"42918e87-42f8-4e57-a885-f80edc34ed2a"}],"01d0ffb8-62d1-4a47-82cb-31acb9f5046c":[{"properties":{"transition":"slide-left","duration":0.3,"easing":"ease-out","preserveScrollPosition":false,"destination":"775fd48f-b78a-4052-8ab1-b53e9febb140","voiceLocale":"en-us"},"triggerEvent":"tap","action":"artboard-transition","id":"ed5e8ce8-987d-4f3d-ab4c-12aed5c33559"}],"8fd0a139-a2d9-4684-b502-199da24a569e":[{"properties":{"transition":"slide-right","duration":0.6,"easing":"ease-out","preserveScrollPosition":false,"destination":"d4a11dd2-21b5-43dc-a476-78c4b936e783","voiceLocale":"es-mx"},"triggerEvent":"tap","action":"artboard-transition","id":"e20ce12a-17f0-4e4c-8a10-2876a00ea131"}],"5abb7cb6-5a6f-4d09-9775-df67477b3462":[{"properties":{"transition":"auto-animate","duration":0.3,"easing":"ease-out","destination":"62310bd1-9c5a-4659-b5c0-3229ac84e227","voiceLocale":"en-us"},"triggerEvent":"tap","action":"state-transition","id":"5cb16698-4eeb-4c4c-8c26-8ab757d4a44c"}],"bc6d0a92-1ad4-4002-91d0-bc2f69b10b39":[{"properties":{"transition":"auto-animate","duration":0.3,"easing":"ease-out","destination":"f0e66fc4-c86c-4b6c-abe0-09d48b7e54c7","voiceLocale":"en-us"},"triggerEvent":"tap","action":"state-transition","id":"e0318f55-0f7e-4746-a757-53bff1200d42"}],"dc7225b2-63af-4faa-b9fc-324dd4ce320a":[{"properties":{"transition":"auto-animate","duration":0.3,"easing":"ease-out","destination":"c054688a-e3c6-4e6b-b713-ee258930af38","voiceLocale":"en-us"},"triggerEvent":"hover","action":"state-transition","id":"3e311130-e18b-454c-9b68-4163df3aed87"}],"c8b72155-e8ec-40aa-8093-e3da838cf5d0":[{"properties":{"transition":"slide-right","duration":0.6,"easing":"ease-out","preserveScrollPosition":false,"destination":"9e161d2c-1d1b-4eab-a35b-04407af51d2b","voiceLocale":"es-mx"},"triggerEvent":"tap","action":"artboard-transition","id":"fe7f0248-3987-4efa-8384-e23518248272"}],"485fb962-e9d7-4186-b40d-2117c9fcf9a4":[{"properties":{"transition":"auto-animate","duration":0,"easing":"ease-out","destination":"b842f858-1cb1-469b-bb80-925fbe624992","voiceLocale":"en-us"},"triggerEvent":"hover","action":"state-transition","id":"5ba993a0-9331-4405-8cc3-ab67ab8a781a"}],"59879ec0-71cc-440b-89b6-b555bb3c93d1":[{"properties":{"transition":"dissolve","duration":0,"easing":"ease-out","preserveScrollPosition":false,"destination":"a024e7f1-33bc-462a-861a-5337cada8e06","voiceLocale":"en-us"},"triggerEvent":"tap","action":"auto-animate","id":"ef7993f0-893f-4f1a-8b03-e1a582101d3d"}],"ace4b406-3956-4f48-98e2-df6c2f4d2d0d":[{"properties":{"transition":"dissolve","duration":0,"easing":"ease-out","preserveScrollPosition":false,"destination":"9e161d2c-1d1b-4eab-a35b-04407af51d2b","voiceLocale":"en-us"},"triggerEvent":"tap","action":"auto-animate","id":"61c1aea2-7527-4096-80a1-55f99cbe83f6"}],"90e86b44-52b2-4e8a-a045-28e8d037d37e":[{"properties":{"transition":"auto-animate","duration":0,"easing":"ease-out","destination":"ac2b7906-8547-4871-9dc4-a9f4fb1686d4","voiceLocale":"en-us"},"triggerEvent":"hover","action":"state-transition","id":"79582bdb-e7d5-471f-ba6d-08f0a7a86261"}],"3dc49d56-9d5a-4d49-a4af-0bfc4fe65178":[{"properties":{"transition":"dissolve","duration":0.8,"easing":"ease-out","preserveScrollPosition":false,"destination":"3f96827a-06f0-4743-a5bd-d5095865de5b","voiceLocale":"en-us"},"triggerEvent":"tap","action":"auto-animate","id":"2e4efd26-34b9-4ad7-b6e3-4318603ebc31"}],"8b1ac43a-7a54-4988-ab1c-2e353dccecfd":[{"properties":{"transition":"dissolve","duration":0.8,"easing":"ease-out","preserveScrollPosition":false,"destination":"f40e48fb-fdbe-4b67-acb0-1ec1fe7b61e3","voiceLocale":"en-us"},"triggerEvent":"tap","action":"auto-animate","id":"bf5016b4-c912-4ef7-8861-0bb9929e7831"}],"54e19e9e-0f76-4ead-b8ec-5c7088996809":[{"properties":{"transition":"dissolve","duration":0.8,"easing":"ease-out","preserveScrollPosition":false,"destination":"3f96827a-06f0-4743-a5bd-d5095865de5b","voiceLocale":"en-us"},"triggerEvent":"tap","action":"auto-animate","id":"c9ae0234-6780-4ee1-b047-dd389de14ff9"}],"eed6e5d9-f319-4341-b091-142668f21244":[{"properties":{"transition":"dissolve","duration":0.8,"easing":"ease-out","preserveScrollPosition":false,"destination":"7710cfb5-e4b9-4cab-a482-b77d41feb8b4","voiceLocale":"en-us"},"triggerEvent":"tap","action":"auto-animate","id":"9442a3cd-79ea-4fd5-816b-85add54c9da0"}],"35fdc2be-2af3-4cbe-bdcf-36ad4f7f67e8":[{"properties":{"transition":"auto-animate","duration":0,"easing":"ease-out","destination":"b660a3a0-19b4-4603-a7e9-8f10b3d48073","voiceLocale":"en-us"},"triggerEvent":"hover","action":"state-transition","id":"b6b164ab-2b49-4f07-9bb7-0b2e6567658a"}],"841c5f60-3c8f-4b67-a828-784defda42b7":[{"properties":{"transition":"auto-animate","duration":0,"easing":"ease-out","destination":"24d63471-4b20-4304-bc5d-f941509b7c62","voiceLocale":"en-us"},"triggerEvent":"hover","action":"state-transition","id":"2357aa54-4464-4865-b269-63b9f39e8dde"}],"96802260-8cc1-4d75-bbb9-7656b2519343":[{"properties":{"transition":"auto-animate","duration":0,"easing":"ease-out","destination":"4f4ddaf0-e19d-4bcc-bea9-782474a81a08","voiceLocale":"en-us"},"triggerEvent":"hover","action":"state-transition","id":"67f04970-3467-4c0c-90a9-b1422593d6d6"}],"5fb59300-fdee-4c99-816c-509bcad26a6f":[{"properties":{"transition":"auto-animate","duration":0.6,"easing":"ease-out","destination":"ea4ae8b5-d4fc-4aac-be59-3a1a1fdcffe6","voiceLocale":"en-us"},"triggerEvent":"hover","action":"state-transition","id":"ef50a691-02f5-49bd-a46d-b8b84500efbb"}],"ea4ae8b5-d4fc-4aac-be59-3a1a1fdcffe6":[{"properties":{"transition":"auto-animate","duration":0.6,"easing":"ease-out","destination":"8581afd5-ccce-486e-8289-ecde83331948","voiceLocale":"en-us"},"triggerEvent":"tap","action":"state-transition","id":"53453bb2-4513-4d98-9b39-b1779decedb9"}],"63ab4977-c1ec-49a3-978f-d164d784243c":[{"properties":{"transition":"auto-animate","duration":0.3,"easing":"ease-out","destination":"2e3ab288-bf1a-4de9-95e9-935cd2581906","voiceLocale":"en-us"},"triggerEvent":"hover","action":"state-transition","id":"f41868a6-6c27-4e5c-9efb-558433bbf994"}],"4dea7e3f-f18f-4787-b1dc-e86905ad32f4":[{"properties":{"transition":"auto-animate","duration":0.3,"easing":"ease-out","destination":"d552a4c3-bc1e-4502-9133-b527368836d8","voiceLocale":"en-us"},"triggerEvent":"hover","action":"state-transition","id":"d6a0d578-2674-4671-9f0c-d46946bab75f"}],"b2f2f625-a1a9-4a96-aa62-054e06ae8622":[{"properties":{"transition":"dissolve","duration":0.3,"easing":"ease-out","preserveScrollPosition":false,"destination":"a024e7f1-33bc-462a-861a-5337cada8e06","voiceLocale":"en-us"},"triggerEvent":"tap","action":"artboard-transition","id":"a9be679e-626d-4069-8ca3-af4161f65dc9"}],"4b288905-a2da-4e30-bd4a-44a145ea8c25":[{"properties":{"transition":"dissolve","duration":0.3,"easing":"ease-out","preserveScrollPosition":false,"destination":"a024e7f1-33bc-462a-861a-5337cada8e06","voiceLocale":"en-us"},"triggerEvent":"tap","action":"artboard-transition","id":"283ae9bb-711b-49f1-bb40-2b2d7501cfb5"}],"dfbf48aa-aaa0-443e-99b8-f6b3ec004159":[{"properties":{"transition":"dissolve","duration":0.3,"easing":"ease-out","preserveScrollPosition":false,"destination":"db3d1a79-f2f4-4f9d-800b-43d8f3b3bc28","voiceLocale":"en-us"},"triggerEvent":"tap","action":"artboard-transition","id":"027a0c1c-bfb1-49ee-ab14-31a3ead60fff"}],"1d098fbd-0700-4305-98a1-cfe107c94bbf":[{"properties":{"transition":"dissolve","duration":0.3,"easing":"ease-out","preserveScrollPosition":false,"destination":"a024e7f1-33bc-462a-861a-5337cada8e06","voiceLocale":"en-us"},"triggerEvent":"tap","action":"artboard-transition","id":"a69e911b-8fe5-4eb1-93a7-feba2563957b"}],"bacf57de-b9ca-4209-8124-213f05d231c0":[{"properties":{"transition":"dissolve","duration":0.3,"easing":"ease-out","preserveScrollPosition":false,"destination":"db3d1a79-f2f4-4f9d-800b-43d8f3b3bc28","voiceLocale":"en-us"},"triggerEvent":"tap","action":"artboard-transition","id":"bb88bb64-5def-4a02-8eda-7259cedf38cc"}],"ad32667f-afe8-49b5-80a1-1bd62339570d":[{"properties":{"transition":"dissolve","duration":0.3,"easing":"ease-out","preserveScrollPosition":false,"destination":"a024e7f1-33bc-462a-861a-5337cada8e06","voiceLocale":"en-us"},"triggerEvent":"tap","action":"artboard-transition","id":"33929612-17f5-4c7b-9a2d-60eebb14bc85"}],"b50237b4-94fe-49f9-a3b4-5858f20e6301":[{"properties":{"transition":"dissolve","duration":0.3,"easing":"ease-out","preserveScrollPosition":false,"destination":"db3d1a79-f2f4-4f9d-800b-43d8f3b3bc28","voiceLocale":"en-us"},"triggerEvent":"tap","action":"artboard-transition","id":"5a20d321-bfba-41ba-a5c9-2280e18238ec"}],"3f4c4821-9299-46bf-8167-989156243567":[{"properties":{"transition":"dissolve","duration":0.3,"easing":"ease-out","preserveScrollPosition":false,"destination":"c489a191-49a9-4714-b71b-a21d23e5d588","voiceLocale":"en-us"},"triggerEvent":"tap","action":"artboard-transition","id":"01d5b9ac-cfae-4cb6-a9da-6cc02594c5b1"}],"95384f7d-8afc-46f1-9a5b-4696558c9d92":[{"properties":{"transition":"dissolve","duration":0.3,"easing":"ease-out","preserveScrollPosition":false,"destination":"c489a191-49a9-4714-b71b-a21d23e5d588","voiceLocale":"en-us"},"triggerEvent":"tap","action":"artboard-transition","id":"01b7d9a1-2b66-44b6-82e0-debad1054df0"}],"688e5fe0-8452-4e03-a30b-b204e40a9637":[{"properties":{"transition":"dissolve","duration":0.3,"easing":"ease-out","preserveScrollPosition":false,"destination":"7b400abb-8081-4cc2-aeaf-ee92b3a0433a","voiceLocale":"en-us"},"triggerEvent":"tap","action":"artboard-transition","id":"11820afd-0896-4233-93da-91c1fe4dee36"}],"1ed7bc0d-cb07-4ea1-bece-2d7ac7bd8a7a":[{"properties":{"transition":"auto-animate","duration":0.3,"easing":"ease-out","destination":"7d074aa6-fc1b-4441-ac1d-db69272c9241","voiceLocale":"en-us"},"triggerEvent":"tap","action":"state-transition","id":"ec7f0084-2943-46e7-96dc-0c543fba0b90"}],"7d074aa6-fc1b-4441-ac1d-db69272c9241":[{"properties":{"transition":"auto-animate","duration":0.3,"easing":"ease-out","destination":"1557e93d-5733-4623-969a-36f1fd03cce4","voiceLocale":"en-us"},"triggerEvent":"tap","action":"state-transition","id":"7cdd0780-9083-49b2-81ae-630a9e581715"}],"3c608d26-0cfb-4035-8344-300848e1ea3d":[{"properties":{"transition":"dissolve","duration":0.3,"easing":"ease-out","preserveScrollPosition":false,"destination":"c489a191-49a9-4714-b71b-a21d23e5d588","voiceLocale":"en-us"},"triggerEvent":"tap","action":"artboard-transition","id":"44e1c6e5-c873-4b3c-9567-e7b5f9448124"}],"18cdd063-39a1-4efc-8366-ff551da9dbcd":[{"properties":{"transition":"dissolve","duration":0.3,"easing":"ease-out","preserveScrollPosition":false,"destination":"22d4ed46-c5d3-4f62-a271-1c609497992f","voiceLocale":"en-us"},"triggerEvent":"tap","action":"artboard-transition","id":"c37420d3-994f-4ee8-963e-b14e7927fefe"}],"73fde707-2a18-4e46-bc60-88d38c1a2d2c":[{"properties":{"transition":"slide-right","duration":0.6,"easing":"ease-out","preserveScrollPosition":false,"destination":"9e161d2c-1d1b-4eab-a35b-04407af51d2b","voiceLocale":"es-mx"},"triggerEvent":"tap","action":"artboard-transition","id":"3c0fd07d-055f-44ca-8278-4a26966963b8"}],"1d016d37-816f-4200-8aae-2c5723fe61e1":[{"properties":{"transition":"dissolve","duration":0.3,"easing":"ease-out","preserveScrollPosition":false,"destination":"db3d1a79-f2f4-4f9d-800b-43d8f3b3bc28","voiceLocale":"en-us"},"triggerEvent":"tap","action":"artboard-transition","id":"4d37b7bd-6499-4fc2-9e0d-c33552ede4df"}],"e8febade-b8d1-47f6-90b5-e4bbc99c8130":[{"properties":{"transition":"dissolve","duration":0.2,"easing":"ease-out","preserveScrollPosition":false,"destination":"db3d1a79-f2f4-4f9d-800b-43d8f3b3bc28","voiceLocale":"es-mx"},"triggerEvent":"tap","action":"auto-animate","id":"09e89afb-d87d-44cc-9ed9-883948405664"}],"66836de5-4de9-4a1f-b2a7-afcc6077606d":[{"properties":{"transition":"dissolve","duration":0.2,"easing":"ease-out","preserveScrollPosition":false,"destination":"db3d1a79-f2f4-4f9d-800b-43d8f3b3bc28","voiceLocale":"es-mx"},"triggerEvent":"tap","action":"auto-animate","id":"b7287541-e9ce-4884-942e-827816bdfb2f"}],"f096ebd5-84d8-4263-8379-b2d7de8613b2":[{"properties":{"transition":"dissolve","duration":0.3,"easing":"ease-out","preserveScrollPosition":false,"destination":"0da88ccf-ecce-4e6f-a60f-416070a8f5ad","voiceLocale":"en-us"},"triggerEvent":"tap","action":"artboard-transition","id":"36187cc3-d1a1-4e3c-bb35-70ac76fb0659"}],"c48d4b7d-4467-4a7a-8f93-8f38a5608141":[{"properties":{"transition":"dissolve","duration":0.3,"easing":"ease-out","preserveScrollPosition":false,"destination":"d2e39026-ec95-44f1-a888-33f82ad4db4c","voiceLocale":"en-us"},"triggerEvent":"tap","action":"artboard-transition","id":"5472b0db-938d-4888-950d-5b092bae9565"}],"18d24a97-baa6-4622-92d8-60fdb009dadd":[{"properties":{"transition":"dissolve","duration":0.3,"easing":"ease-out","preserveScrollPosition":false,"destination":"08e934ed-1b1e-4e5b-9a84-eae0b6ce4462","voiceLocale":"en-us"},"triggerEvent":"tap","action":"artboard-transition","id":"ba3f79e0-ad12-43fd-8996-3b85e571651f"}],"facac144-8aab-4dc0-899b-555663220433":[{"properties":{"transition":"dissolve","duration":0.3,"easing":"ease-out","preserveScrollPosition":false,"destination":"096fbb96-4315-479f-b6eb-db7e03c3c3b2","voiceLocale":"en-us"},"triggerEvent":"tap","action":"artboard-transition","id":"e3b5c1c4-5590-4f57-a549-3fa0ab777e70"}],"e47664c5-038b-4db7-ad54-2dd302795371":[{"properties":{"transition":"dissolve","duration":0.3,"easing":"ease-out","preserveScrollPosition":false,"destination":"11298168-1fde-4b59-8a1a-523eae32b113","voiceLocale":"en-us"},"triggerEvent":"tap","action":"artboard-transition","id":"5190590e-e9af-467f-8442-0f9f79e2cbdf"}],"06588293-3834-4a1c-bc66-bde9ca82a3b5":[{"properties":{"transition":"dissolve","duration":0.3,"easing":"ease-out","preserveScrollPosition":false,"destination":"4f1df54c-2839-45d7-b695-1e2d153c84b7","voiceLocale":"en-us"},"triggerEvent":"tap","action":"artboard-transition","id":"e2538848-befd-4ba3-8ce4-8d6a94f939a1"}],"13fc98ed-5349-4c51-aaef-bdfb4c08abb8":[{"properties":{"transition":"dissolve","duration":0.3,"easing":"ease-out","preserveScrollPosition":false,"destination":"c0cf1d86-6881-4865-a29f-57c246433fe7","voiceLocale":"en-us"},"triggerEvent":"tap","action":"artboard-transition","id":"876e5d41-9dc9-4b8e-b5d0-3a2cdc5c985b"}],"5367bf24-6f14-4489-b015-01b213a3097a":[{"properties":{"transition":"dissolve","duration":0.3,"easing":"ease-out","preserveScrollPosition":false,"destination":"db3d1a79-f2f4-4f9d-800b-43d8f3b3bc28","voiceLocale":"en-us"},"triggerEvent":"tap","action":"artboard-transition","id":"3b0d34af-b377-413f-b0b8-24b6e95dd9f5"}],"0bd9a454-f39c-43e5-8f97-c708a25a3a7d":[{"properties":{"transition":"dissolve","duration":0.3,"easing":"ease-out","preserveScrollPosition":false,"destination":"0f6a5642-4e0f-466f-93a6-67e4c37e4ef0","voiceLocale":"en-us"},"triggerEvent":"tap","action":"artboard-transition","id":"6724f5a3-4717-4994-abd0-8c0d3f3e644e"}],"7f87aa4d-c431-43d5-8a49-790e4835e6f4":[{"properties":{"transition":"dissolve","duration":0.3,"easing":"ease-out","preserveScrollPosition":false,"destination":"0f6a5642-4e0f-466f-93a6-67e4c37e4ef0","voiceLocale":"en-us"},"triggerEvent":"tap","action":"artboard-transition","id":"4dc77098-f216-44b7-8bd1-9b27b87a2a3a"}],"58c90baf-52cf-4970-99b8-cd02ef03c264":[{"properties":{"transition":"dissolve","duration":0.3,"easing":"ease-out","preserveScrollPosition":false,"destination":"db3d1a79-f2f4-4f9d-800b-43d8f3b3bc28","voiceLocale":"en-us"},"triggerEvent":"tap","action":"artboard-transition","id":"b43a98d9-0f15-4852-a4a4-95473ceda61f"}],"78d3ab64-9e1d-4abe-90ce-4761c039f068":[{"properties":{"transition":"auto-animate","duration":0.3,"easing":"ease-out","destination":"76cdc8f4-e658-4c04-ac9f-75dbdd86199f","voiceLocale":"en-us"},"triggerEvent":"hover","action":"state-transition","id":"58c90d88-f192-41bc-b6bc-5e092290708c"}],"db99e19a-db6f-4b96-9a98-eb728904757d":[{"properties":{"transition":"auto-animate","duration":0.3,"easing":"ease-out","destination":"5cad2d39-d7ab-4f26-89d8-033fdec384ef","voiceLocale":"en-us"},"triggerEvent":"hover","action":"state-transition","id":"98c5b70c-02c1-4b14-b2db-babec3ea9864"}],"4b59d69f-0c21-42eb-95a4-a69d13d7d12d":[{"properties":{"transition":"auto-animate","duration":0.3,"easing":"ease-out","destination":"98c9828c-e91b-4a8c-aa6d-3c9db8bafaca","voiceLocale":"en-us"},"triggerEvent":"hover","action":"state-transition","id":"299bccfb-3fae-46ba-a421-815e60d6b11d"}],"f7153a56-82ac-4d95-8ef3-7f393c778191":[{"properties":{"transition":"auto-animate","duration":0.3,"easing":"ease-out","destination":"f2c21d7d-d4a2-48ce-b752-2239487ea4d5","voiceLocale":"en-us"},"triggerEvent":"hover","action":"state-transition","id":"d2270971-6596-4b74-bc39-d730ab4676a3"}],"c819225f-347b-497e-bd41-480c6bcbab8c":[{"properties":{"transition":"auto-animate","duration":0.3,"easing":"ease-out","destination":"2e4fb5ff-79a3-4c74-ae86-36684b1a8421","voiceLocale":"en-us"},"triggerEvent":"hover","action":"state-transition","id":"1234ef8b-72ab-411e-8516-d35f0837b89d"}],"fca40abe-4496-48b5-9e0a-396597eb305e":[{"properties":{"transition":"auto-animate","duration":0.3,"easing":"ease-out","destination":"7c8cf4fe-805a-4cad-8777-b12e23748463","voiceLocale":"en-us"},"triggerEvent":"hover","action":"state-transition","id":"fafff06b-7041-4fda-a298-f86169d06d0f"}],"ef00acf9-f2b2-4e18-9366-8578161f361c":[{"properties":{"transition":"dissolve","duration":0.3,"easing":"ease-out","preserveScrollPosition":false,"destination":"13386108-d077-46c7-9f9a-8e277df7d777","voiceLocale":"en-us"},"triggerEvent":"tap","action":"auto-animate","id":"07bfb31d-4316-41bf-ad7d-9d7c27044646"}],"44e3c0cb-5ff6-43f7-94d5-6afe2701f666":[{"properties":{"transition":"dissolve","duration":0.3,"easing":"ease-out","preserveScrollPosition":false,"destination":"eae5651e-3f20-4e07-96dd-321d797a829d","voiceLocale":"en-us"},"triggerEvent":"tap","action":"auto-animate","id":"8b40ed05-3466-440c-97ad-03f6c62c2672"}],"77b9ae1e-1661-46c0-abd7-0c6e24c6780b":[{"properties":{"transition":"dissolve","duration":0.3,"easing":"ease-out","preserveScrollPosition":false,"destination":"c35f560f-76b9-4931-9b95-8f31d18b5756","voiceLocale":"en-us"},"triggerEvent":"tap","action":"auto-animate","id":"cecda926-baa8-4cbd-b280-3ec797e73f05"}],"9ca34cc6-6efc-4e94-85a8-4ae451996da7":[{"properties":{"transition":"dissolve","duration":0.3,"easing":"ease-out","preserveScrollPosition":false,"destination":"eae5651e-3f20-4e07-96dd-321d797a829d","voiceLocale":"en-us"},"triggerEvent":"tap","action":"auto-animate","id":"457ce69b-cdea-42cc-9a8a-8215178e8218"}],"34d4c96c-6a43-42fc-a9f9-240b93b84066":[{"properties":{"transition":"dissolve","duration":0.3,"easing":"ease-out","preserveScrollPosition":false,"destination":"c35f560f-76b9-4931-9b95-8f31d18b5756","voiceLocale":"en-us"},"triggerEvent":"tap","action":"auto-animate","id":"94a79bc4-987a-490d-b821-2fe3db9ff11b"}],"76cdc8f4-e658-4c04-ac9f-75dbdd86199f":[{"properties":{"transition":"dissolve","duration":0.3,"easing":"ease-out","preserveScrollPosition":false,"destination":"b349d3fa-c0f1-4036-b3ba-6e7cbd2f4d4c","voiceLocale":"en-us"},"triggerEvent":"tap","action":"auto-animate","id":"9701b78a-db5f-486c-94ac-50a7d809defd"}],"5cad2d39-d7ab-4f26-89d8-033fdec384ef":[{"properties":{"transition":"dissolve","duration":0.3,"easing":"ease-out","preserveScrollPosition":false,"destination":"b349d3fa-c0f1-4036-b3ba-6e7cbd2f4d4c","voiceLocale":"en-us"},"triggerEvent":"tap","action":"auto-animate","id":"45ef6039-4306-455a-a4cc-eed56fe16794"}],"98c9828c-e91b-4a8c-aa6d-3c9db8bafaca":[{"properties":{"transition":"dissolve","duration":0.3,"easing":"ease-out","preserveScrollPosition":false,"destination":"b349d3fa-c0f1-4036-b3ba-6e7cbd2f4d4c","voiceLocale":"en-us"},"triggerEvent":"tap","action":"auto-animate","id":"2d2fb93f-f9c3-48c4-9a81-87a787a0befe"}],"f2c21d7d-d4a2-48ce-b752-2239487ea4d5":[{"properties":{"transition":"dissolve","duration":0.3,"easing":"ease-out","preserveScrollPosition":false,"destination":"b349d3fa-c0f1-4036-b3ba-6e7cbd2f4d4c","voiceLocale":"en-us"},"triggerEvent":"tap","action":"auto-animate","id":"b9e11f76-01c9-42b0-ab59-c5a09022dfe3"}],"2e4fb5ff-79a3-4c74-ae86-36684b1a8421":[{"properties":{"transition":"dissolve","duration":0.3,"easing":"ease-out","preserveScrollPosition":false,"destination":"b349d3fa-c0f1-4036-b3ba-6e7cbd2f4d4c","voiceLocale":"en-us"},"triggerEvent":"tap","action":"auto-animate","id":"6e160fec-447e-461a-974a-f2d344487f9e"}],"7c8cf4fe-805a-4cad-8777-b12e23748463":[{"properties":{"transition":"dissolve","duration":0.3,"easing":"ease-out","preserveScrollPosition":false,"destination":"b349d3fa-c0f1-4036-b3ba-6e7cbd2f4d4c","voiceLocale":"en-us"},"triggerEvent":"tap","action":"auto-animate","id":"b29215bf-43a7-41c0-b383-f41ff743ffb3"}],"39fcb712-00af-4681-8a2f-1c1d0468391d":[{"properties":{"transition":"dissolve","duration":0.3,"easing":"ease-out","preserveScrollPosition":false,"destination":"5bc7c252-ab79-4e17-9d4b-054e2ec72f10","voiceLocale":"en-us"},"triggerEvent":"tap","action":"artboard-transition","id":"708c75c4-bc33-438c-949f-756f160efb63"}],"7299c848-df75-4790-966e-0c3147571cbc":[{"properties":{"transition":"dissolve","duration":0.3,"easing":"ease-out","preserveScrollPosition":false,"destination":"5bc7c252-ab79-4e17-9d4b-054e2ec72f10","voiceLocale":"en-us"},"triggerEvent":"tap","action":"artboard-transition","id":"ad9ba03f-d8a9-492d-8c10-1361f9dbf132"}],"128191bb-0512-4c2a-a368-7700af5cad73":[{"properties":{"transition":"dissolve","duration":0.3,"easing":"ease-out","preserveScrollPosition":false,"destination":"5bc7c252-ab79-4e17-9d4b-054e2ec72f10","voiceLocale":"en-us"},"triggerEvent":"tap","action":"artboard-transition","id":"715a0cbb-3951-43ae-b2fa-7f619c9bb3dc"}],"3da1cb83-90a0-47d6-a42a-177b60716be4":[{"properties":{"transition":"dissolve","duration":0.3,"easing":"ease-out","preserveScrollPosition":false,"destination":"5bc7c252-ab79-4e17-9d4b-054e2ec72f10","voiceLocale":"en-us"},"triggerEvent":"tap","action":"artboard-transition","id":"37c163ae-7cb6-45ce-9362-7971456e4f16"}],"3122f18a-e886-45a2-9324-316b6025bdba":[{"properties":{"transition":"dissolve","duration":0.3,"easing":"ease-out","preserveScrollPosition":false,"destination":"5bc7c252-ab79-4e17-9d4b-054e2ec72f10","voiceLocale":"en-us"},"triggerEvent":"tap","action":"artboard-transition","id":"a2a0201c-370b-4f88-9ea6-e66bd365260b"}],"68ea02b4-07ea-4d3e-8e84-5d44d2319814":[{"properties":{"transition":"dissolve","duration":0.3,"easing":"ease-out","preserveScrollPosition":false,"destination":"5bc7c252-ab79-4e17-9d4b-054e2ec72f10","voiceLocale":"en-us"},"triggerEvent":"tap","action":"artboard-transition","id":"acb51543-d3a6-4303-8830-eb0f777c6a94"}],"90a00e9c-7a3d-4bc6-8cfb-a71ecb045493":[{"properties":{"transition":"dissolve","duration":0.3,"easing":"ease-out","preserveScrollPosition":false,"destination":"5bc7c252-ab79-4e17-9d4b-054e2ec72f10","voiceLocale":"en-us"},"triggerEvent":"tap","action":"artboard-transition","id":"7e408001-6e4b-401f-ab0b-aaf73d1df167"}],"44b88091-e88c-42bd-a103-73d15f7e058f":[{"properties":{"transition":"dissolve","duration":0.3,"easing":"ease-out","preserveScrollPosition":false,"destination":"5bc7c252-ab79-4e17-9d4b-054e2ec72f10","voiceLocale":"en-us"},"triggerEvent":"tap","action":"artboard-transition","id":"014bac7a-db1d-49b6-9471-035bd47fed9e"}],"bc82469d-954d-4c60-9f5a-565c6af1a021":[{"properties":{"transition":"dissolve","duration":0.3,"easing":"ease-out","preserveScrollPosition":false,"destination":"5bc7c252-ab79-4e17-9d4b-054e2ec72f10","voiceLocale":"en-us"},"triggerEvent":"tap","action":"artboard-transition","id":"e43b1a6c-fc58-4cd8-a6cd-6bcd0adf2eec"}],"620fba5a-9825-4037-adb0-ee3f8aabc921":[{"properties":{"transition":"dissolve","duration":0.3,"easing":"ease-out","preserveScrollPosition":false,"destination":"5bc7c252-ab79-4e17-9d4b-054e2ec72f10","voiceLocale":"en-us"},"triggerEvent":"tap","action":"artboard-transition","id":"84bf19d5-594e-40a6-86d2-bfa1fe84d41c"}],"b527601f-6af3-41d5-87cc-3e13cf81f3f1":[{"properties":{"transition":"dissolve","duration":0.3,"easing":"ease-out","preserveScrollPosition":false,"destination":"5bc7c252-ab79-4e17-9d4b-054e2ec72f10","voiceLocale":"en-us"},"triggerEvent":"tap","action":"artboard-transition","id":"0ae84c30-9c06-442c-833b-434f47e0b549"}],"91a8aa1b-1827-4822-bce5-f69acc176296":[{"properties":{"transition":"dissolve","duration":0.3,"easing":"ease-out","preserveScrollPosition":false,"destination":"5bc7c252-ab79-4e17-9d4b-054e2ec72f10","voiceLocale":"en-us"},"triggerEvent":"tap","action":"artboard-transition","id":"ddd23f72-00d8-4389-8ce2-baf89288e3b8"}],"a8fa519f-059b-4fa3-a74b-f9ed3e2b9574":[{"properties":{"transition":"dissolve","duration":0.3,"easing":"ease-out","preserveScrollPosition":false,"destination":"5bc7c252-ab79-4e17-9d4b-054e2ec72f10","voiceLocale":"en-us"},"triggerEvent":"tap","action":"artboard-transition","id":"8f42ebda-a3ba-466b-858a-5ca43e913226"}],"8499fdac-d31c-41ac-a12e-310fffa505c4":[{"properties":{"transition":"dissolve","duration":0.3,"easing":"ease-out","preserveScrollPosition":false,"destination":"5bc7c252-ab79-4e17-9d4b-054e2ec72f10","voiceLocale":"en-us"},"triggerEvent":"tap","action":"artboard-transition","id":"a2ed47b9-6fd4-4ff1-b4f0-3c5cbf274176"}],"5d07b6c4-b112-4da1-ba21-420378731ba9":[{"properties":{"transition":"dissolve","duration":0.3,"easing":"ease-out","preserveScrollPosition":false,"destination":"5bc7c252-ab79-4e17-9d4b-054e2ec72f10","voiceLocale":"en-us"},"triggerEvent":"tap","action":"artboard-transition","id":"628f79c6-bf99-451b-82f6-20472541e98b"}],"5ceb2884-b718-4959-b257-0fffc90c345e":[{"properties":{"transition":"dissolve","duration":0.3,"easing":"ease-out","preserveScrollPosition":false,"destination":"5bc7c252-ab79-4e17-9d4b-054e2ec72f10","voiceLocale":"en-us"},"triggerEvent":"tap","action":"artboard-transition","id":"487e4a6f-c8cd-4cc2-b073-fadf9788659f"}],"b6900490-a817-4771-af01-4fad05fa543d":[{"properties":{"transition":"dissolve","duration":0.3,"easing":"ease-out","preserveScrollPosition":false,"destination":"5bc7c252-ab79-4e17-9d4b-054e2ec72f10","voiceLocale":"en-us"},"triggerEvent":"tap","action":"artboard-transition","id":"69d5b1b6-7af8-469a-97d6-bec1a4150a2e"}],"c28a4c5e-322d-449c-b6a7-652cc2dbb618":[{"properties":{"transition":"dissolve","duration":0.3,"easing":"ease-out","preserveScrollPosition":false,"destination":"5bc7c252-ab79-4e17-9d4b-054e2ec72f10","voiceLocale":"en-us"},"triggerEvent":"tap","action":"artboard-transition","id":"93b9206c-2200-4df2-b817-c5af24269b41"}],"c6ab10e8-5fb4-4f08-82d1-c42af39b24a9":[{"properties":{"transition":"dissolve","duration":0.3,"easing":"ease-out","preserveScrollPosition":false,"destination":"5bc7c252-ab79-4e17-9d4b-054e2ec72f10","voiceLocale":"en-us"},"triggerEvent":"tap","action":"artboard-transition","id":"9f910429-e2fd-41d4-a783-45b7384c74c9"}],"379d4637-75b8-45a3-b3fc-4d05261b7076":[{"properties":{"transition":"dissolve","duration":0.3,"easing":"ease-out","preserveScrollPosition":false,"destination":"5bc7c252-ab79-4e17-9d4b-054e2ec72f10","voiceLocale":"en-us"},"triggerEvent":"tap","action":"artboard-transition","id":"b3ee8def-c2cf-490b-b7ef-d4ef71804861"}],"da40aded-25db-4be9-be9f-b77541d6f5f7":[{"properties":{"transition":"dissolve","duration":0.3,"easing":"ease-out","preserveScrollPosition":false,"destination":"5bc7c252-ab79-4e17-9d4b-054e2ec72f10","voiceLocale":"en-us"},"triggerEvent":"tap","action":"artboard-transition","id":"9c657802-c3c2-45d6-a141-e060f1ec9da7"}],"1d9ace44-1726-4d0e-b866-717bca238d37":[{"properties":{"transition":"dissolve","duration":0.3,"easing":"ease-out","preserveScrollPosition":false,"destination":"5bc7c252-ab79-4e17-9d4b-054e2ec72f10","voiceLocale":"en-us"},"triggerEvent":"tap","action":"artboard-transition","id":"0e90798b-1de0-4f90-ad29-61a09af56831"}],"bd97b09c-a8bd-4d07-8ca1-df43c7ad95aa":[{"properties":{"transition":"dissolve","duration":0.3,"easing":"ease-out","preserveScrollPosition":false,"destination":"5bc7c252-ab79-4e17-9d4b-054e2ec72f10","voiceLocale":"en-us"},"triggerEvent":"tap","action":"artboard-transition","id":"e0100d4a-303d-4610-aaaf-01f60d302c55"}],"986dfc74-0eb7-4dd9-94de-a69b47a22c52":[{"properties":{"transition":"dissolve","duration":0.3,"easing":"ease-out","preserveScrollPosition":false,"destination":"5bc7c252-ab79-4e17-9d4b-054e2ec72f10","voiceLocale":"en-us"},"triggerEvent":"tap","action":"artboard-transition","id":"0e02c424-cc69-42e4-ad17-ab2271522008"}],"0057c0e9-acbe-4855-9337-f7af77a0eb75":[{"properties":{"transition":"dissolve","duration":0.3,"easing":"ease-out","preserveScrollPosition":false,"destination":"5bc7c252-ab79-4e17-9d4b-054e2ec72f10","voiceLocale":"en-us"},"triggerEvent":"tap","action":"artboard-transition","id":"a4351382-947f-49cd-a620-a6617a0adebe"}],"4498f306-a3cf-47ca-ba2d-abfb5d41dbfd":[{"properties":{"transition":"dissolve","duration":0.3,"easing":"ease-out","preserveScrollPosition":false,"destination":"5bc7c252-ab79-4e17-9d4b-054e2ec72f10","voiceLocale":"en-us"},"triggerEvent":"tap","action":"artboard-transition","id":"64999e31-adf2-4011-9d62-104e67ec47ed"}],"95e90d9e-8cc0-4e4a-927c-077273c3fd13":[{"properties":{"transition":"dissolve","duration":0.3,"easing":"ease-out","preserveScrollPosition":false,"destination":"37a5b0fc-6adc-40ab-8ecb-e5dfc6222b33","voiceLocale":"en-us"},"triggerEvent":"tap","action":"artboard-transition","id":"a98de6f1-e6d2-4785-8a18-25e7217f3928"}],"726fb00f-bdc3-45d6-8b7b-a7e8619a564c":[{"properties":{"transition":"dissolve","duration":0.3,"easing":"ease-out","preserveScrollPosition":false,"destination":"d4a11dd2-21b5-43dc-a476-78c4b936e783","voiceLocale":"en-us"},"triggerEvent":"tap","action":"artboard-transition","id":"17d3b64f-f4b1-4208-bab9-e4508fe07e18"}],"4b1c41bb-93e9-4dac-a05c-2e79af40e973":[{"properties":{"transition":"dissolve","duration":0.3,"easing":"ease-out","preserveScrollPosition":false,"destination":"1a07b347-3918-4922-a9d8-e8496f3ab131","voiceLocale":"en-us"},"triggerEvent":"tap","action":"artboard-transition","id":"f5116c1f-e959-4bf8-8a99-b7349b71b938"}],"62851ce3-7a48-43f3-b029-1189d5fea290":[{"properties":{"transition":"dissolve","duration":0.3,"easing":"ease-out","preserveScrollPosition":false,"destination":"0f6a5642-4e0f-466f-93a6-67e4c37e4ef0","voiceLocale":"en-us"},"triggerEvent":"tap","action":"artboard-transition","id":"b6ca675b-1eb8-4058-a585-866b0b0b1459"}],"632f4dc0-04ad-4530-a329-078c70799d23":[{"properties":{"transition":"dissolve","duration":0.3,"easing":"ease-out","preserveScrollPosition":false,"destination":"0f6a5642-4e0f-466f-93a6-67e4c37e4ef0","voiceLocale":"en-us"},"triggerEvent":"tap","action":"artboard-transition","id":"e404692b-ec64-46b9-893e-0630789ee7ec"}],"d31f022e-5f65-4f3d-a056-f64ecf94b599":[{"properties":{"transition":"dissolve","duration":0.3,"easing":"ease-out","preserveScrollPosition":false,"destination":"5bc7c252-ab79-4e17-9d4b-054e2ec72f10","voiceLocale":"en-us"},"triggerEvent":"tap","action":"artboard-transition","id":"01529bcb-505b-4c22-a03c-4e51a70befc2"}],"2a8bd21f-60aa-47eb-bd64-76de6244fc2d":[{"properties":{"transition":"dissolve","duration":0.3,"easing":"ease-out","preserveScrollPosition":false,"destination":"37a5b0fc-6adc-40ab-8ecb-e5dfc6222b33","voiceLocale":"en-us"},"triggerEvent":"tap","action":"artboard-transition","id":"202023e4-926d-4e28-be72-9bfc26b08f5b"}],"8b2535cb-0509-401c-8f61-4326b017c8a3":[{"properties":{"transition":"dissolve","duration":0.3,"easing":"ease-out","preserveScrollPosition":false,"destination":"eae5651e-3f20-4e07-96dd-321d797a829d","voiceLocale":"en-us"},"triggerEvent":"tap","action":"artboard-transition","id":"7892ddb3-8a33-4f10-9013-991ebefae436"}],"94262eb7-fd13-4271-b0d1-d7a5af8ae6a9":[{"properties":{"transition":"dissolve","duration":0.3,"easing":"ease-out","preserveScrollPosition":false,"destination":"1a07b347-3918-4922-a9d8-e8496f3ab131","voiceLocale":"en-us"},"triggerEvent":"tap","action":"artboard-transition","id":"a22dfbc2-fcd3-4767-9773-0143e0cc2738"}],"9f6848f8-ee9b-4e63-a248-c4ed5ab114d0":[{"properties":{"transition":"dissolve","duration":0.3,"easing":"ease-out","preserveScrollPosition":false,"destination":"0f6a5642-4e0f-466f-93a6-67e4c37e4ef0","voiceLocale":"en-us"},"triggerEvent":"tap","action":"artboard-transition","id":"e74fbc80-8b3a-4da6-b3f0-51c22991645b"}],"19c9c843-361a-44ad-89dc-54faf0e8329b":[{"properties":{"transition":"dissolve","duration":0.3,"easing":"ease-out","preserveScrollPosition":false,"destination":"0f6a5642-4e0f-466f-93a6-67e4c37e4ef0","voiceLocale":"en-us"},"triggerEvent":"tap","action":"artboard-transition","id":"5e6cc204-ef2a-4503-a0d3-b9309eab89e6"}],"74d71c10-5d2c-443a-a27c-477a371bb4da":[{"properties":{"transition":"dissolve","duration":0.3,"easing":"ease-out","preserveScrollPosition":false,"destination":"5bc7c252-ab79-4e17-9d4b-054e2ec72f10","voiceLocale":"en-us"},"triggerEvent":"tap","action":"artboard-transition","id":"138fdc43-d0f4-44e4-b77e-8f2ec9c12c5e"}],"d4284142-4b38-4ecb-87b6-9665033514dc":[{"properties":{"transition":"dissolve","duration":0.3,"easing":"ease-out","preserveScrollPosition":false,"destination":"37a5b0fc-6adc-40ab-8ecb-e5dfc6222b33","voiceLocale":"en-us"},"triggerEvent":"tap","action":"artboard-transition","id":"a6988848-9cb2-49c0-855a-b689c013043e"}],"7e572c9b-7f93-4c43-bc56-6bf71e4c24d5":[{"properties":{"transition":"dissolve","duration":0.6,"easing":"ease-out","preserveScrollPosition":false,"destination":"d4a11dd2-21b5-43dc-a476-78c4b936e783","voiceLocale":"es-mx"},"triggerEvent":"tap","action":"artboard-transition","id":"88a0319c-a036-4e77-a463-506ce1af06a9"}],"bb18f3e8-4031-412f-95e3-be56f0a7c2e8":[{"properties":{"transition":"dissolve","duration":0.3,"easing":"ease-out","preserveScrollPosition":false,"destination":"1a07b347-3918-4922-a9d8-e8496f3ab131","voiceLocale":"en-us"},"triggerEvent":"tap","action":"artboard-transition","id":"147d4135-7ead-4143-833a-05a8b4143348"}],"95d4cd5e-1c24-4dd1-a98d-826f7e34a071":[{"properties":{"transition":"dissolve","duration":0.3,"easing":"ease-out","preserveScrollPosition":false,"destination":"0f6a5642-4e0f-466f-93a6-67e4c37e4ef0","voiceLocale":"en-us"},"triggerEvent":"tap","action":"artboard-transition","id":"0b4eb498-3de9-46a7-8c6a-963460942e0c"}],"3c8fd0a8-f0d0-4b3e-b5c8-178e702c9dc9":[{"properties":{"transition":"dissolve","duration":0.3,"easing":"ease-out","preserveScrollPosition":false,"destination":"5bc7c252-ab79-4e17-9d4b-054e2ec72f10","voiceLocale":"en-us"},"triggerEvent":"tap","action":"artboard-transition","id":"6fe49f4d-4b44-42d8-be91-48e8c29b9143"}],"eb0bb296-ffbe-4f6e-842c-7137dc62a92f":[{"properties":{"transition":"dissolve","duration":0.3,"easing":"ease-out","preserveScrollPosition":false,"destination":"5bc7c252-ab79-4e17-9d4b-054e2ec72f10","voiceLocale":"en-us"},"triggerEvent":"tap","action":"artboard-transition","id":"959c3a2f-15d4-4e6f-9f57-793323d9ae87"}],"220fc9e3-630a-4aa3-804a-159400483eb1":[{"properties":{"transition":"dissolve","duration":0.6,"easing":"ease-out","preserveScrollPosition":false,"destination":"d4a11dd2-21b5-43dc-a476-78c4b936e783","voiceLocale":"es-mx"},"triggerEvent":"tap","action":"artboard-transition","id":"8a076b6e-26cc-4298-a5a8-04a0c93d2972"}],"2b478047-a9fe-43f7-bebf-fa1ff54af440":[{"properties":{"transition":"dissolve","duration":0.3,"easing":"ease-out","preserveScrollPosition":false,"destination":"eae5651e-3f20-4e07-96dd-321d797a829d","voiceLocale":"en-us"},"triggerEvent":"tap","action":"auto-animate","id":"7e307ce7-7f9e-4186-b8f2-f5232589326d"}],"47504930-b054-4063-b0f0-73df066bb8f8":[{"properties":{"transition":"dissolve","duration":0.3,"easing":"ease-out","preserveScrollPosition":false,"destination":"1a07b347-3918-4922-a9d8-e8496f3ab131","voiceLocale":"en-us"},"triggerEvent":"tap","action":"artboard-transition","id":"ef04be0d-59f1-4294-be84-0f6c4cc35bb9"}],"4f4da910-49e4-49bf-9932-97bdac89d95d":[{"properties":{"transition":"dissolve","duration":0.3,"easing":"ease-out","preserveScrollPosition":false,"destination":"0f6a5642-4e0f-466f-93a6-67e4c37e4ef0","voiceLocale":"en-us"},"triggerEvent":"tap","action":"artboard-transition","id":"57f152c0-3b08-4768-b48d-d6bc43aa0d5f"}],"1c9fb332-e3c4-4abe-998f-0b62d846d9e2":[{"properties":{"transition":"dissolve","duration":0.3,"easing":"ease-out","preserveScrollPosition":false,"destination":"5bc7c252-ab79-4e17-9d4b-054e2ec72f10","voiceLocale":"en-us"},"triggerEvent":"tap","action":"artboard-transition","id":"b5466f53-bd26-43a1-aacb-271de2958eaf"}],"50ca68e1-4938-46d8-a8a0-c7cb13a3f775":[{"properties":{"transition":"dissolve","duration":0.3,"easing":"ease-out","preserveScrollPosition":false,"destination":"5bc7c252-ab79-4e17-9d4b-054e2ec72f10","voiceLocale":"en-us"},"triggerEvent":"tap","action":"artboard-transition","id":"fc29ecb1-4d68-4004-aab4-5385e94a77e8"}],"4f24238f-4b73-4831-b375-b6be42d524c8":[{"properties":{"transition":"dissolve","duration":0.3,"easing":"ease-out","preserveScrollPosition":false,"destination":"37a5b0fc-6adc-40ab-8ecb-e5dfc6222b33","voiceLocale":"en-us"},"triggerEvent":"tap","action":"artboard-transition","id":"c04d7447-cbdb-43b8-903a-e95e45f170a1"}],"452e1fe3-14e0-4f91-8e83-e99f2f6a1288":[{"properties":{"transition":"dissolve","duration":0.6,"easing":"ease-out","preserveScrollPosition":false,"destination":"775fd48f-b78a-4052-8ab1-b53e9febb140","voiceLocale":"es-mx"},"triggerEvent":"tap","action":"artboard-transition","id":"bfd02c26-fde8-4e41-85ff-ab5f5e54f586"}],"39723388-d4c6-4dd0-8614-f04559ba1e10":[{"properties":{"transition":"slide-right","duration":0.3,"easing":"ease-out","preserveScrollPosition":false,"destination":"eae5651e-3f20-4e07-96dd-321d797a829d","voiceLocale":"en-us"},"triggerEvent":"tap","action":"artboard-transition","id":"9ba3179a-80c1-476b-8e9c-df7f1675701a"}],"b350d05d-e163-4659-8049-6c16b18f4bb0":[{"properties":{"transition":"dissolve","duration":0.3,"easing":"ease-out","preserveScrollPosition":false,"destination":"1a07b347-3918-4922-a9d8-e8496f3ab131","voiceLocale":"en-us"},"triggerEvent":"tap","action":"artboard-transition","id":"0acde071-0fde-4f84-918a-c6023e3cb306"}],"5fb097bb-44a7-4ef0-b11d-ed11a5705f7e":[{"properties":{"transition":"dissolve","duration":0.3,"easing":"ease-out","preserveScrollPosition":false,"destination":"5bc7c252-ab79-4e17-9d4b-054e2ec72f10","voiceLocale":"en-us"},"triggerEvent":"tap","action":"artboard-transition","id":"863d4322-4ac2-4050-9fe8-7adad779703d"}]}}