{"version":"0.3","links":[{"name":"Filatelica Peruana","durableLink":"NonPasswordDurable","publicShare":true,"allowComments":true,"requirePassword":false,"fullscreen":false,"hotspotHints":true,"navigationControls":true,"includeSpecs":false,"includeAssets":false,"platform":"","passwordPublished":false,"shareModeViewMode":"ShareModeViewModeDesign","useInvitationsCommentsACL":true,"sharedURL":"https://xd.adobe.com/view/0d4bb3b1-1ae9-4ee6-938c-f36078d1e5f1-5818/","href":"https://cc-api-cp.adobe.io/api/v2/xd_prototypes/assets/0d4bb3b1-1ae9-4ee6-938c-f36078d1e5f1/original","compositeID":"b1b2cf2c-e619-4b70-8785-45f4f1deaa5a","assetID":"0d4bb3b1-1ae9-4ee6-938c-f36078d1e5f1","resourceID":"84421dc5-7862-4a5b-83ba-d85dbe6a77ba","linksResourceID":null,"ccxWebResourceID":{"id":"urn:aaid:sc:US:0d4bb3b1-1ae9-4ee6-938c-f36078d1e5f1","sourceType":"Community Platform"},"idHash":"QyPzr/1nG12Ube1qdGV7N3CrUmprsSm+8pSUpv4Rwg4=","dateStamp":1607155614039,"flowRootGuid":null,"homeArtboardType":"Web","embedWidth":1920,"embedHeight":1079}],"selectedLink":0}